date,close,ma_5,ma_15,signal,position,strategy_return,strategy_cum_return,strategy_nav,benchmark_return,benchmark_cum_return,benchmark_nav,drawdown
20250704,10.87,,,0,0,0.0,0.0,100000.0,0.0,0.0,100000.0,0.0
20250707,11.07,,,0,0,0.0,0.0,100000.0,0.01839926402943881,0.01839926402943881,101839.92640294388,0.0
20250708,11.23,,,0,0,0.0,0.0,100000.0,0.014453477868112019,0.03311867525298995,103311.86752529899,0.0
20250709,11.15,,,0,0,-0.0,0.0,100000.0,-0.007123775601068583,0.02575896964121438,102575.89696412144,0.0
20250710,11.08,11.08,,0,0,-0.0,0.0,100000.0,-0.00627802690582957,0.01931922723091084,101931.92272309109,0.0
20250711,11.6,11.226,,0,0,0.0,0.0,100000.0,0.04693140794223827,0.0671573137074517,106715.73137074517,0.0
20250714,11.56,11.324000000000002,,0,0,-0.0,0.0,100000.0,-0.0034482758620688614,0.06347746090156403,106347.7460901564,0.0
20250715,11.26,11.33,,0,0,-0.0,0.0,100000.0,-0.02595155709342567,0.035878564857405815,103587.85648574059,0.0
20250716,11.21,11.342,,0,0,-0.0,0.0,100000.0,-0.00444049733570151,0.03127874885004611,103127.87488500461,0.0
20250717,11.11,11.348,,0,0,-0.0,0.0,100000.0,-0.008920606601249048,0.022079116835326484,102207.91168353264,0.0
20250718,11.04,11.236,,0,0,-0.0,0.0,100000.0,-0.006300630063006296,0.015639374425022945,101563.9374425023,0.0
20250721,11.24,11.172,,0,0,0.0,0.0,100000.0,0.018115942028985588,0.034038638454461756,103403.86384544618,0.0
20250722,11.59,11.238,,0,0,0.0,0.0,100000.0,0.03113879003558706,0.06623735050597945,106623.73505059794,0.0
20250723,11.56,11.308,,0,0,-0.0,0.0,100000.0,-0.0025884383088868868,0.06347746090156381,106347.74609015638,0.0
20250724,11.75,11.436,11.288,0,0,0.0,0.0,100000.0,0.016435986159169413,0.08095676172953059,108095.67617295306,0.0
20250725,12.53,11.734,11.398666666666665,0,0,0.0,0.0,100000.0,0.06638297872340426,0.152713891444342,115271.3891444342,0.0
20250728,13.78,12.241999999999999,11.579333333333333,0,0,0.0,0.0,100000.0,0.09976057462090981,0.26770929162833457,126770.92916283346,0.0
20250729,13.8,12.684000000000001,11.750666666666667,0,0,0.0,0.0,100000.0,0.0014513788098695635,0.2695492180312786,126954.92180312786,0.0
20250730,13.05,12.982,11.877333333333333,0,0,-0.0,0.0,100000.0,-0.05434782608695654,0.20055197792088308,120055.19779208831,0.0
20250731,13.73,13.378,12.054,0,0,0.0,0.0,100000.0,0.0521072796934865,0.26310947562097486,126310.94756209748,0.0
20250801,13.81,13.634,12.201333333333334,0,0,0.0,0.0,100000.0,0.0058266569555718295,0.27046918123275043,127046.91812327504,0.0
20250804,13.72,13.622,12.345333333333334,0,0,-0.0,0.0,100000.0,-0.00651701665459814,0.26218951241950283,126218.95124195029,0.0
20250805,13.73,13.608,12.51,0,0,0.0,0.0,100000.0,0.0007288629737609575,0.26310947562097486,126310.94756209748,0.0
20250806,14.15,13.828,12.706,0,0,0.0,0.0,100000.0,0.030589949016751605,0.3017479300827963,130174.79300827964,0.0
20250807,12.74,13.63,12.81466666666667,0,0,-0.0,0.0,100000.0,-0.09964664310954063,0.17203311867525262,117203.31186752526,0.0
20250808,11.48,13.163999999999998,12.844,0,0,-0.0,0.0,100000.0,-0.09890109890109888,0.05611775528978802,105611.7755289788,0.0
20250811,11.52,12.724,12.862666666666668,-1,0,0.0,0.0,100000.0,0.0034843205574912606,0.05979760809567569,105979.76080956757,0.0
20250812,11.3,12.238,12.843333333333334,0,0,-0.0,0.0,100000.0,-0.0190972222222221,0.039558417663293044,103955.84176632931,0.0
20250813,11.12,11.632,12.814,0,0,-0.0,0.0,100000.0,-0.01592920353982319,0.022999080036797848,102299.90800367978,0.0
20250814,10.83,11.25,12.752666666666668,0,0,-0.0,0.0,100000.0,-0.02607913669064743,-0.0036798528058883395,99632.01471941116,0.0
20250815,10.74,11.102,12.633333333333333,0,0,-0.0,0.0,100000.0,-0.008310249307479256,-0.011959521619135827,98804.04783808642,0.0
20250818,10.93,10.983999999999998,12.443333333333333,0,0,0.0,0.0,100000.0,0.017690875232774683,0.005519779208831066,100551.9779208831,0.0
20250819,10.9,10.904,12.25,0,0,-0.0,0.0,100000.0,-0.0027447392497712553,0.0027598896044152,100275.98896044152,0.0
20250820,10.8,10.84,12.1,0,0,-0.0,0.0,100000.0,-0.00917431192660545,-0.006439742410304206,99356.02575896958,0.0
20250821,10.91,10.856,11.912,0,0,0.0,0.0,100000.0,0.010185185185185075,0.0036798528058870072,100367.9852805887,0.0
20250822,10.88,10.884,11.716666666666667,0,0,-0.0,0.0,100000.0,-0.00274977085242889,0.0009199632014713632,100091.99632014714,0.0
20250825,11.97,11.092000000000002,11.6,0,0,0.0,0.0,100000.0,0.10018382352941169,0.1011959521619128,110119.59521619129,0.0
20250826,12.3,11.372,11.504666666666667,0,0,0.0,0.0,100000.0,0.027568922305764465,0.13155473781048688,113155.47378104868,0.0
20250827,11.6,11.532,11.334666666666667,1,1,-0.0,0.0,100000.0,-0.056910569105691144,0.06715731370745104,106715.73137074511,0.0
20250828,11.24,11.597999999999999,11.234666666666666,0,1,-0.03103448275862064,-0.03103448275862064,96896.55172413794,-0.03103448275862064,0.03403863845446131,103403.86384544613,-0.031034482758620578
20250829,11.68,11.758000000000001,11.248,0,1,0.039145907473309594,0.006896551724137945,100689.6551724138,0.039145907473309594,0.07451701931922661,107451.70193192267,0.0
20250901,11.44,11.652000000000001,11.242666666666667,0,1,-0.020547945205479423,-0.013793103448275779,98620.68965517242,-0.020547945205479423,0.05243790248390012,105243.79024839001,-0.020547945205479427
20250902,11.13,11.418000000000001,11.231333333333334,0,1,-0.02709790209790197,-0.04051724137931012,95948.27586206899,-0.02709790209790197,0.0239190432382701,102391.90432382701,-0.04708904109589025
20250903,10.82,11.262,11.211333333333334,0,1,-0.02785265049415997,-0.06724137931034468,93275.86206896554,-0.02785265049415997,-0.004599816007360147,99540.01839926398,-0.07363013698630122
20250904,10.44,11.102,11.185333333333334,-1,0,-0.03512014787430695,-0.09999999999999998,90000.0,-0.03512014787430695,-0.03955841766329404,96044.15823367059,-0.10616438356164387
20250905,10.6,10.886,11.176,0,0,0.0,-0.09999999999999998,90000.0,0.015325670498084198,-0.024839006439743128,97516.09935602569,-0.10616438356164387
20250908,10.77,10.751999999999999,11.165333333333335,0,0,0.0,-0.09999999999999998,90000.0,0.016037735849056656,-0.009199632014720072,99080.03679852799,-0.10616438356164387
20250909,10.98,10.722,11.170666666666667,0,0,0.0,-0.09999999999999998,90000.0,0.019498607242339983,0.010119595216190769,101011.95952161908,-0.10616438356164387
20250910,10.96,10.75,11.181333333333333,0,0,-0.0,-0.09999999999999998,90000.0,-0.0018214936247722413,0.008279668813246932,100827.9668813247,-0.10616438356164387
20250911,11.0,10.862,11.187333333333333,0,0,0.0,-0.09999999999999998,90000.0,0.0036496350364962904,0.011959521619134605,101195.95216191346,-0.10616438356164387
20250912,10.86,10.914000000000001,11.186,0,0,-0.0,-0.09999999999999998,90000.0,-0.01272727272727281,-0.0009199632014726955,99908.00367985273,-0.10616438356164387
20250915,10.71,10.902000000000001,11.102,0,0,-0.0,-0.09999999999999998,90000.0,-0.013812154696132506,-0.014719411223551693,98528.05887764483,-0.10616438356164387
20250916,10.98,10.902,11.014000000000001,0,0,0.0,-0.09999999999999998,90000.0,0.025210084033613356,0.010119595216190547,101011.95952161905,-0.10616438356164387
20250917,10.92,10.894,10.968666666666667,0,0,-0.0,-0.09999999999999998,90000.0,-0.005464480874316946,0.004599816007358815,100459.98160073587,-0.10616438356164387
20250918,10.7,10.834,10.932666666666668,0,0,-0.0,-0.09999999999999998,90000.0,-0.020146520146520186,-0.015639374425023944,98436.0625574976,-0.10616438356164387
20250919,10.63,10.788,10.862666666666666,0,0,-0.0,-0.09999999999999998,90000.0,-0.0065420560747662115,-0.022079116835327373,97792.08831646726,-0.10616438356164387
20250922,10.44,10.734,10.796,0,0,-0.0,-0.09999999999999998,90000.0,-0.01787394167450629,-0.039558417663294376,96044.15823367056,-0.10616438356164387
20250923,10.19,10.575999999999999,10.733333333333333,0,0,-0.0,-0.09999999999999998,90000.0,-0.023946360153256685,-0.06255749770009289,93744.2502299907,-0.10616438356164387
20250924,10.58,10.508,10.717333333333332,0,0,0.0,-0.09999999999999998,90000.0,0.03827281648675185,-0.026678932842687075,97332.1067157313,-0.10616438356164387
20250925,10.47,10.462,10.719333333333333,0,0,-0.0,-0.09999999999999998,90000.0,-0.010396975425330801,-0.0367985280588784,96320.14719411216,-0.10616438356164387
20250926,10.47,10.43,10.710666666666667,0,0,0.0,-0.09999999999999998,90000.0,0.0,-0.0367985280588784,96320.14719411216,-0.10616438356164387
20250929,10.52,10.446000000000002,10.693999999999999,0,0,0.0,-0.09999999999999998,90000.0,0.0047755491881564804,-0.03219871205151881,96780.12879484812,-0.10616438356164387
20250930,10.62,10.532,10.67,0,0,0.0,-0.09999999999999998,90000.0,0.009505703422053147,-0.022999080036799513,97700.09199632004,-0.10616438356164387
20251009,10.51,10.517999999999999,10.639999999999999,0,0,-0.0,-0.09999999999999998,90000.0,-0.010357815442561202,-0.03311867525299084,96688.13247470092,-0.10616438356164387
20251010,10.69,10.562000000000001,10.619333333333334,0,0,0.0,-0.09999999999999998,90000.0,0.01712654614652709,-0.016559337626495974,98344.0662373504,-0.10616438356164387
20251013,10.61,10.59,10.602666666666666,0,0,-0.0,-0.09999999999999998,90000.0,-0.007483629560336769,-0.023919043238271542,97608.09567617284,-0.10616438356164387
20251014,10.55,10.596,10.592,1,1,-0.0,-0.09999999999999998,90000.0,-0.005655042412818001,-0.029438822447103052,97056.1177552897,-0.10616438356164387
20251015,11.0,10.672,10.593333333333334,0,1,0.04265402843601884,-0.06161137440758302,93838.8625592417,0.04265402843601884,0.011959521619134161,101195.95216191342,-0.06803869376095582
20251016,10.76,10.722,10.582666666666665,0,1,-0.021818181818181848,-0.0820853080568722,91791.46919431278,-0.021818181818181848,-0.010119595216192434,98988.04047838076,-0.08837239498798952
20251017,10.64,10.712,10.578666666666667,0,1,-0.011152416356877248,-0.09232227488151667,90767.77251184834,-0.011152416356877248,-0.021159153633855676,97884.08463661443,-0.09853924560150629
20251020,10.71,10.732000000000001,10.584000000000001,0,1,0.006578947368421018,-0.08635071090047408,91364.92890995259,0.006578947368421018,-0.014719411223552137,98528.05887764478,-0.09260858274362155
20251021,10.9,10.802000000000001,10.614666666666666,0,1,0.017740429505135324,-0.0701421800947869,92985.78199052131,0.017740429505135324,0.002759889604414756,100275.98896044148,-0.0765110692722199
20251022,10.94,10.790000000000001,10.664666666666667,0,1,0.003669724770642091,-0.06672985781990548,93327.01421800946,0.003669724770642091,0.006439742410302429,100643.97424103024,-0.07312211906771435
20251023,11.06,10.85,10.696666666666665,0,1,0.010968921389396868,-0.05649289099526078,94350.71090047392,0.010968921389396868,0.017479300827965893,101747.93008279659,-0.06295526845419742
20251024,11.21,10.964000000000002,10.746,0,1,0.013562386980108476,-0.04369668246445513,95630.33175355449,0.013562386980108476,0.031278748850045,103127.8748850045,-0.050246705187301316
20251027,10.77,10.976,10.766,0,1,-0.039250669045495234,-0.08123222748815195,91876.7772511848,-0.039250669045495234,-0.009199632014720516,99080.03679852794,-0.0875251574368633
20251028,10.74,10.944,10.780666666666665,0,1,-0.0027855153203342198,-0.08379146919431302,91620.8530805687,-0.0027855153203342198,-0.01195952161913627,98804.04783808638,-0.09006687009024236
20251029,10.51,10.858,10.773333333333333,0,1,-0.02141527001862198,-0.10341232227488173,89658.76777251183,-0.02141527001862198,-0.03311867525299095,96688.1324747009,-0.1095533337661497
20251030,10.39,10.724,10.765333333333333,-1,0,-0.011417697431018059,-0.11364928909952621,88635.07109004738,-0.011417697431018059,-0.04415823367065419,95584.17663293458,-0.11972018437966649
20251031,10.7,10.622,10.766,0,0,0.0,-0.11364928909952621,88635.07109004738,0.02983638113570719,-0.015639374425024277,98436.06255749757,-0.11972018437966649
20251103,10.93,10.654,10.787333333333333,0,0,0.0,-0.11364928909952621,88635.07109004738,0.021495327102803774,0.0055197792088304,100551.97792088304,-0.11972018437966649
20251104,10.87,10.68,10.808666666666666,0,0,-0.0,-0.11364928909952621,88635.07109004738,-0.005489478499542622,-1.3322676295501878e-15,99999.99999999987,-0.11972018437966649
20251105,10.84,10.745999999999999,10.798,0,0,-0.0,-0.11364928909952621,88635.07109004738,-0.002759889604415755,-0.0027598896044170873,99724.01103955829,-0.11972018437966649
20251106,10.98,10.864,10.812666666666667,1,1,0.0,-0.11364928909952621,88635.07109004738,0.012915129151291671,0.010119595216190325,101011.95952161904,-0.11972018437966649
20251107,10.86,10.896,10.827333333333334,0,1,-0.010928961748634003,-0.123336182114832,87666.3817885168,-0.010928961748634003,-0.0009199632014730286,99908.0036798527,-0.1293407288126757
20251110,11.38,10.985999999999999,10.871999999999998,0,1,0.047882136279926435,-0.08135964571517373,91864.03542848263,0.047882136279926435,0.04691812327506795,104691.81232750679,-0.08765170293630267
20251111,11.53,11.117999999999999,10.914,0,1,0.013181019332161537,-0.06925102944604167,93074.89705539584,0.013181019332161537,0.06071757129714683,106071.75712971468,-0.0756260223950414
20251112,11.5,11.25,10.951333333333334,0,1,-0.002601908065914982,-0.07167275269986806,92832.7247300132,-0.002601908065914982,0.05795768169273097,105795.7681692731,-0.07803115850329359
20251113,11.64,11.382,10.990000000000002,0,1,0.012173913043478368,-0.060371377515344604,93962.86224846554,0.012173913043478368,0.07083716651333827,107083.71665133383,-0.0668071899981163
20251114,11.54,11.517999999999999,11.012,0,1,-0.0085910652920963,-0.06844378836143283,93155.62116385672,-0.0085910652920963,0.06163753449861886,106163.75344986189,-0.07482431035895729
20251117,11.74,11.59,11.076666666666664,0,1,0.017331022530329365,-0.0522989666692566,94770.10333307434,0.017331022530329365,0.08003679852805767,108003.67985280577,-0.058790069637275455
20251118,11.48,11.580000000000002,11.126000000000001,0,1,-0.022146507666098825,-0.07328723486908573,92671.27651309143,-0.022146507666098825,0.05611775528978713,105611.77552897872,-0.07963458257546183
20251119,11.27,11.534,11.176666666666666,0,1,-0.018292682926829396,-0.09023929764587091,90976.0702354129,-0.018292682926829396,0.03679852805887629,103679.85280588763,-0.09647053533322805
20251120,11.25,11.456,11.234,0,1,-0.0017746228926353025,-0.09185377981508847,90814.62201849115,-0.0017746228926353025,0.03495860165593245,103495.86016559324,-0.09807395940539614
20251121,10.67,11.282,11.232,0,1,-0.05155555555555558,-0.1386737627223995,86132.62372776004,-0.05155555555555558,-0.018399264029440032,98160.07359705599,-0.14457325749827357
20251124,10.74,11.081999999999999,11.219333333333335,-1,0,0.006560449859418949,-0.13302307513013778,86697.69248698623,0.006560449859418949,-0.011959521619136382,98804.04783808636,-0.13896127324568477
20251125,11.13,11.011999999999999,11.236666666666668,0,0,0.0,-0.13302307513013778,86697.69248698623,0.036312849162011274,0.023919043238269433,102391.90432382694,-0.13896127324568477
20251126,10.95,10.948,11.244,0,0,-0.0,-0.13302307513013778,86697.69248698623,-0.016172506738544645,0.0073597056117742365,100735.97056117743,-0.13896127324568477
20251127,10.83,10.864,11.234000000000002,0,0,-0.0,-0.13302307513013778,86697.69248698623,-0.010958904109588996,-0.0036798528058890057,99632.0147194111,-0.13896127324568477
20251128,11.0,10.93,11.243333333333334,0,0,0.0,-0.13302307513013778,86697.69248698623,0.015697137580794163,0.01195952161913394,101195.95216191339,-0.13896127324568477
20251201,10.92,10.966,11.212666666666667,0,0,-0.0,-0.13302307513013778,86697.69248698623,-0.0072727272727273196,0.0045998160073583705,100459.98160073583,-0.13896127324568477
20251202,10.77,10.894,11.162,0,0,-0.0,-0.13302307513013778,86697.69248698623,-0.013736263736263798,-0.009199632014720738,99080.03679852793,-0.13896127324568477
20251203,10.64,10.831999999999999,11.104666666666667,0,0,-0.0,-0.13302307513013778,86697.69248698623,-0.01207056638811499,-0.021159153633855787,97884.08463661443,-0.13896127324568477
20251204,10.34,10.734,11.017999999999999,0,0,-0.0,-0.13302307513013778,86697.69248698623,-0.02819548872180455,-0.048758049678014004,95124.1950321986,-0.13896127324568477
20251205,10.36,10.606,10.939333333333334,0,0,0.0,-0.13302307513013778,86697.69248698623,0.0019342359767891004,-0.04691812327507017,95308.18767249299,-0.13896127324568477
20251208,10.47,10.516,10.854666666666668,0,0,0.0,-0.13302307513013778,86697.69248698623,0.010617760617760652,-0.03679852805887884,96320.14719411211,-0.13896127324568477
20251209,10.36,10.434000000000001,10.78,0,0,-0.0,-0.13302307513013778,86697.69248698623,-0.010506208213944768,-0.04691812327507039,95308.18767249296,-0.13896127324568477
20251210,10.71,10.448,10.742666666666668,0,0,0.0,-0.13302307513013778,86697.69248698623,0.033783783783783994,-0.014719411223552248,98528.05887764477,-0.13896127324568477
20251211,10.28,10.436,10.677999999999999,0,0,-0.0,-0.13302307513013778,86697.69248698623,-0.04014939309056975,-0.05427782888684585,94572.21711131542,-0.13896127324568477
20251212,10.15,10.394,10.643333333333334,0,0,-0.0,-0.13302307513013778,86697.69248698623,-0.012645914396887115,-0.06623735050598101,93376.2649494019,-0.13896127324568477
20251215,10.13,10.326,10.602666666666666,0,0,-0.0,-0.13302307513013778,86697.69248698623,-0.0019704433497536034,-0.06807727690892484,93192.27230910752,-0.13896127324568477
20251216,9.88,10.23,10.519333333333332,0,0,-0.0,-0.13302307513013778,86697.69248698623,-0.024679170779861814,-0.09107635694572336,90892.36430542766,-0.13896127324568477
20251217,9.86,10.059999999999999,10.446666666666667,0,0,-0.0,-0.13302307513013778,86697.69248698623,-0.002024291497975894,-0.09291628334866742,90708.37166513327,-0.13896127324568477
20251218,9.97,9.998000000000001,10.389333333333333,0,0,0.0,-0.13302307513013778,86697.69248698623,0.011156186612576224,-0.08279668813247598,91720.3311867524,-0.13896127324568477
20251219,10.29,10.026,10.342,0,0,0.0,-0.13302307513013778,86697.69248698623,0.032096288866599654,-0.05335786568537404,94664.2134314626,-0.13896127324568477
20251222,10.15,10.03,10.290666666666668,0,0,-0.0,-0.13302307513013778,86697.69248698623,-0.013605442176870652,-0.06623735050598112,93376.26494940188,-0.13896127324568477
20251223,10.03,10.059999999999999,10.241333333333333,0,0,-0.0,-0.13302307513013778,86697.69248698623,-0.011822660098522286,-0.07727690892364447,92272.30910763555,-0.13896127324568477
20251224,10.16,10.12,10.209333333333335,0,0,0.0,-0.13302307513013778,86697.69248698623,0.012961116650049842,-0.06531738730450931,93468.26126954907,-0.13896127324568477
20251225,10.19,10.163999999999998,10.199333333333334,0,0,0.0,-0.13302307513013778,86697.69248698623,0.0029527559055118058,-0.06255749770009345,93744.25022999065,-0.13896127324568477
20251226,10.08,10.122,10.180666666666665,0,0,-0.0,-0.13302307513013778,86697.69248698623,-0.01079489695780167,-0.07267709291628466,92732.29070837154,-0.13896127324568477
20251229,10.1,10.112,10.156,0,0,0.0,-0.13302307513013778,86697.69248698623,0.001984126984126977,-0.07083716651334082,92916.28334866592,-0.13896127324568477
20251230,10.04,10.113999999999999,10.134666666666668,0,0,-0.0,-0.13302307513013778,86697.69248698623,-0.005940594059405946,-0.07635694572217244,92364.30542778276,-0.13896127324568477
20251231,10.18,10.118,10.099333333333334,1,1,0.0,-0.13302307513013778,86697.69248698623,0.013944223107569709,-0.06347746090156525,93652.25390984348,-0.13896127324568477
20260105,10.26,10.132000000000001,10.098,0,1,0.007858546168958647,-0.12620989693862616,87379.01030613738,0.007858546168958647,-0.056117755289789795,94388.22447102102,-0.13219476065822466
20260106,10.29,10.174,10.107333333333333,0,1,0.0029239766081869956,-0.12365495511680935,87634.50448831907,0.0029239766081869956,-0.05335786568537415,94664.21343146259,-0.12965731843792708
20260107,10.08,10.169999999999998,10.104000000000001,0,1,-0.020408163265306034,-0.1415395478695275,85846.04521304725,-0.020408163265306034,-0.07267709291628477,92732.29070837153,-0.14741941398001018
20260108,10.3,10.222,10.132,0,1,0.02182539682539697,-0.12280330784287019,87719.66921571299,0.02182539682539697,-0.05243790248390201,94756.2097516098,-0.12881150436449434
20260109,10.51,10.288,10.175333333333333,0,1,0.02038834951456292,-0.10491871509015216,89508.12849098479,0.02038834951456292,-0.0331186752529915,96688.13247470085,-0.11104940882241138
20260112,10.63,10.362,10.219333333333333,0,1,0.011417697431018281,-0.09469894780288446,90530.10521971155,0.011417697431018281,-0.02207911683532804,97792.0883164672,-0.10089963994122095
20260113,10.64,10.431999999999999,10.242666666666667,0,1,0.0009407337723423836,-0.09384730052894552,90615.26994710545,0.0009407337723423836,-0.02115915363385612,97884.08463661438,-0.10005382586778837
20260114,10.86,10.588,10.29,0,1,0.020676691729323293,-0.07511106050228844,92488.89394977115,0.020676691729323293,-0.0009199632014734727,99908.00367985266,-0.08144591625227282
20260115,10.64,10.656,10.330666666666666,0,1,-0.02025782688766109,-0.09384730052894552,90615.26994710545,-0.02025782688766109,-0.02115915363385612,97884.08463661438,-0.10005382586778837
20260116,10.5,10.654,10.353333333333332,0,1,-0.013157894736842146,-0.10577036236409099,89422.9637635909,-0.013157894736842146,-0.03403863845446331,96596.13615455366,-0.11189522289584382
20260119,10.49,10.626000000000001,10.373333333333333,0,1,-0.0009523809523809268,-0.10662200963802992,89337.799036197,-0.0009523809523809268,-0.03495860165593523,96504.13983440648,-0.1127410369692764
20260120,11.54,10.806,10.470666666666666,0,1,0.100095328884652,-0.0171990458744391,98280.0954125561,0.100095328884652,0.06163753449861842,106163.75344986185,-0.023930559258860725
20260121,11.2,10.874,10.544,0,1,-0.029462738301559765,-0.04615505318836377,95384.49468116362,-0.029462738301559765,0.030358785648572528,103035.87856485725,-0.052688237755566844
20260122,11.23,10.992,10.623333333333333,0,1,0.00267857142857153,-0.043600111366546845,95639.98886334531,0.00267857142857153,0.033118675252988394,103311.86752529883,-0.05015079553526924
20260123,11.41,11.174,10.705333333333332,0,1,0.01602849510240434,-0.028270460435645517,97172.95395643545,0.01602849510240434,0.04967801287948337,104967.80128794834,-0.03492614221348359
20260126,11.22,11.32,10.769333333333332,0,1,-0.016652059596844793,-0.04445175864048567,95554.82413595144,-0.016652059596844793,0.03219871205151659,103219.87120515166,-0.05099660960870153
20260127,11.33,11.278,10.838666666666667,0,1,0.009803921568627416,-0.03508363862715713,96491.63613728428,0.009803921568627416,0.0423183072677078,104231.83072677079,-0.04169265480094383
20260128,11.0,11.238,10.9,0,1,-0.029126213592232997,-0.06318799866714286,93681.20013328572,-0.029126213592232997,0.011959521619133717,101195.95216191337,-0.06960451922421722
20260129,10.97,11.186000000000002,10.944666666666668,0,1,-0.0027272727272726893,-0.06574294048895968,93425.70595110403,-0.0027272727272726893,0.009199632014717851,100919.96320147178,-0.07214196144451483
20260130,11.06,11.116,10.981333333333334,0,1,0.008204193254329972,-0.058078115023509014,94192.1884976491,0.008204193254329972,0.017479300827965227,101747.93008279652,-0.064529634783622
20260202,10.79,11.03,10.991999999999999,0,1,-0.024412296564195413,-0.08107259141986112,91892.74085801389,-0.024412296564195413,-0.007359705611777234,99264.02943882228,-0.08736661476630048
20260203,10.89,10.942,11.008666666666668,-1,0,0.009267840593141896,-0.0725561186804714,92744.38813195286,0.009267840593141896,0.0018399264029422824,100183.99264029422,-0.07890847403197507
20260204,10.77,10.896,11.002666666666666,0,0,-0.0,-0.0725561186804714,92744.38813195286,-0.011019283746556585,-0.00919963201472107,99080.03679852789,-0.07890847403197507
20260205,10.9,10.882000000000001,11.020000000000001,0,0,0.0,-0.0725561186804714,92744.38813195286,0.0120705663881151,0.0027598896044140897,100275.9889604414,-0.07890847403197507
20260206,10.87,10.844,11.044666666666668,0,0,-0.0,-0.0725561186804714,92744.38813195286,-0.0027522935779817903,-1.887379141862766e-15,99999.99999999981,-0.07890847403197507
20260209,11.06,10.898,11.082666666666666,0,0,0.0,-0.0725561186804714,92744.38813195286,0.017479300827967004,0.017479300827965005,101747.9300827965,-0.07890847403197507
20260210,11.11,10.942,11.054,0,0,0.0,-0.0725561186804714,92744.38813195286,0.004520795660036159,0.022079116835324708,102207.91168353247,-0.07890847403197507
20260211,11.08,11.004,11.046,0,0,-0.0,-0.0725561186804714,92744.38813195286,-0.0027002700270026825,0.019319227230908842,101931.92272309089,-0.07890847403197507
20260212,10.98,11.02,11.029333333333334,0,0,-0.0,-0.0725561186804714,92744.38813195286,-0.009025270758122761,0.010119595216189436,101011.95952161895,-0.07890847403197507
20260213,11.1,11.065999999999999,11.008666666666667,1,1,0.0,-0.0725561186804714,92744.38813195286,0.010928961748633892,0.02115915363385268,102115.91536338527,-0.07890847403197507
20260224,11.49,11.152,11.026666666666667,0,1,0.03513513513513522,-0.03997025258005549,96002.97474199445,0.03513513513513522,0.05703771849125849,105703.77184912586,-0.04654579879526067
20260225,11.64,11.258,11.047333333333334,0,1,0.01305483028720622,-0.027437227156818622,97256.27728431814,0.01305483028720622,0.0708371665133376,107083.71665133376,-0.034098616011908875
20260226,11.76,11.394,11.098,0,1,0.010309278350515427,-0.017410806818229152,98258.91931817708,0.010309278350515427,0.08187672493100084,108187.67249310008,-0.024140869785227646
20260227,11.66,11.53,11.144,0,1,-0.008503401360544172,-0.025766157100386988,97423.38428996131,-0.008503401360544172,0.07267709291628144,107267.70929162814,-0.032438991640795264
20260302,10.98,11.506,11.138666666666666,0,1,-0.05831903945111494,-0.08258253901906087,91741.7460980939,-0.05831903945111494,0.010119595216189436,101011.95952161895,-0.08886622025865644
20260303,10.72,11.352,11.133999999999999,0,1,-0.023679417122040025,-0.10430644975267145,89569.35502473285,-0.023679417122040025,-0.013799448022080885,98620.05519779191,-0.11044133708313265
20260304,10.81,11.186000000000002,11.128666666666666,0,1,0.008395522388059629,-0.09678663449872937,90321.33655012706,0.008395522388059629,-0.0055197792088335085,99448.02207911665,-0.1029730274131217
20260305,10.96,11.026,11.141333333333334,-1,0,0.013876040703052706,-0.08425360907549251,91574.63909245074,0.013876040703052706,0.0082796688132456,100827.96688132457,-0.09052584462977005
20260306,11.87,11.068000000000001,11.206,0,0,0.0,-0.08425360907549251,91574.63909245074,0.08302919708029188,0.09199632014719206,109199.6320147192,-0.09052584462977005
20260309,12.41,11.354,11.308666666666666,1,1,0.0,-0.08425360907549251,91574.63909245074,0.04549283909014323,0.14167433302667676,114167.43330266768,-0.09052584462977005
20260310,12.4,11.690000000000001,11.398,0,1,-0.0008058017727639033,-0.08499151914070158,91500.84808592984,-0.0008058017727639033,0.14075436982520473,114075.43698252048,-0.09125870051645023
20260311,12.6,12.047999999999998,11.497333333333334,0,1,0.016129032258064502,-0.07023331783651932,92976.66821634807,0.016129032258064502,0.15915363385464354,115915.36338546436,-0.07660158278284453
20260312,12.19,12.294,11.571333333333333,0,1,-0.032539682539682535,-0.1004876305100929,89951.23694899071,-0.032539682539682535,0.12143514259429411,112143.51425942942,-0.1066486741367361
20260313,12.09,12.338,11.645333333333333,0,1,-0.008203445447087732,-0.10786673116218404,89213.3268837816,-0.008203445447087732,0.1122355105795747,111223.55105795748,-0.11397723300353894
20260316,12.35,12.326,11.728666666666667,0,1,0.021505376344086002,-0.08868106946674714,91131.89305332529,0.021505376344086002,0.13615455381784503,113615.4553817845,-0.09492297994985165
20260317,11.85,12.216,11.752666666666666,0,1,-0.04048582995951422,-0.1255765727272028,87442.34272727973,-0.04048582995951422,0.090156393744248,109015.6393744248,-0.13156577428386576
20260318,12.26,12.148,11.794,0,1,0.03459915611814357,-0.0953222600536291,90467.77399463709,0.03459915611814357,0.12787488500459765,112787.48850045976,-0.10151868292997418
20260319,11.91,12.091999999999999,11.804,0,1,-0.028548123980424167,-0.12114911233594805,87885.0887664052,-0.028548123980424167,0.09567617295307973,109567.61729530797,-0.12716863896378403
20260320,11.45,11.964,11.79,0,1,-0.03862300587741396,-0.1550929753355672,84490.70246644328,-0.03862300587741396,0.0533578656853706,105335.78656853706,-0.16088000975107702
20260323,10.67,11.628,11.769333333333334,-1,0,-0.068122270742358,-0.2126499604218779,78735.00395781221,-0.068122270742358,-0.018399264029440587,98160.07359705595,-0.21804276891213906
20260324,11.74,11.606,11.837333333333333,0,0,0.0,-0.2126499604218779,78735.00395781221,0.10028116213683225,0.08003679852805701,108003.6798528057,-0.21804276891213906
20260325,12.91,11.736,11.977333333333332,0,0,0.0,-0.2126499604218779,78735.00395781221,0.09965928449744466,0.187672493100274,118767.2493100274,-0.21804276891213906
20260326,12.92,11.937999999999999,12.108,0,0,0.0,-0.2126499604218779,78735.00395781221,0.0007745933384972759,0.18859245630174604,118859.2456301746,-0.21804276891213906
20260327,14.21,12.49,12.264000000000001,1,1,0.0,-0.2126499604218779,78735.00395781221,0.09984520123839014,0.3072677092916263,130726.77092916262,-0.21804276891213906
20260330,15.63,13.482,12.478666666666667,0,1,0.09992962702322306,-0.13397036463011625,86602.96353698838,0.09992962702322306,0.43790248390064157,143790.24839006417,-0.13990207446141684
20260331,14.67,14.068000000000001,12.629999999999999,0,1,-0.06142034548944342,-0.18716220403863126,81283.77959613687,-0.06142034548944342,0.3495860165593354,134958.60165593354,-0.19272958620275032
20260401,15.0,14.486,12.79,0,1,0.02249488752556239,-0.16887750924195422,83112.24907580458,0.02249488752556239,0.3799448022079095,137994.48022079095,-0.1745701290416669
20260402,14.09,14.719999999999999,12.916666666666666,0,1,-0.06066666666666665,-0.21929894034794228,78070.10596520577,-0.06066666666666665,0.29622815087396304,129622.8150873963,-0.22464620787980571
20260403,14.0,14.678,13.044,0,1,-0.0063875088715400485,-0.22428567529249055,77571.43247075095,-0.0063875088715400485,0.28794848206071566,128794.84820607156,-0.22959878710555565
20260407,14.01,14.354,13.154666666666666,0,1,0.0007142857142856673,-0.22373159363198525,77626.84063680147,0.0007142857142856673,0.28886844526218747,128886.84452621875,-0.22904850052491693
20260408,14.4,14.3,13.324666666666667,0,1,0.027837259100642386,-0.20212240887227606,79787.7591127724,0.027837259100642386,0.32474701011959306,132474.70101195932,-0.20758732388000017
20260409,15.08,14.315999999999999,13.512666666666666,0,1,0.047222222222222276,-0.16444485595791125,83555.51440420888,0.047222222222222276,0.38730450781968506,138730.4507819685,-0.1701678363965557
20260410,14.79,14.456,13.704666666666666,0,1,-0.019230769230769273,-0.18051322411256687,81948.67758874332,-0.019230769230769273,0.36062557497699865,136062.55749769986,-0.18612614723508353
20260413,14.5,14.556000000000001,13.908,0,1,-0.019607843137254832,-0.19658159226722238,80341.84077327776,-0.019607843137254832,0.33394664213431247,133394.66421343124,-0.20208445807361136
20260414,15.95,14.943999999999999,14.259999999999998,0,1,0.09999999999999987,-0.11623975149394472,88376.02485060552,0.09999999999999987,0.4673413063477436,146734.13063477437,-0.1222929038809726
20260415,15.96,15.256,14.541333333333334,0,1,0.0006269592476491059,-0.1156856698334392,88431.43301665608,0.0006269592476491059,0.4682612695492159,146826.12695492158,-0.12174261730033345
20260416,16.27,15.494,14.765333333333334,0,1,0.01942355889724312,-0.09850913835777286,90149.08616422271,0.01942355889724312,0.4967801287948461,149678.01287948462,-0.10468373330052791
20260417,17.07,15.95,15.042,0,1,0.049170251997541436,-0.054182605517343774,94581.73944826562,0.049170251997541436,0.5703771849126011,157037.7184912601,-0.06066080684941679
20260420,16.58,16.366,15.2,0,1,-0.028705330990041134,-0.08133260688210675,91866.73931178932,-0.028705330990041134,0.5252989880404759,152529.89880404758,-0.08762484930072252
20260421,16.18,16.412,15.236666666666666,0,1,-0.024125452352231513,-0.10349587330232124,89650.41266976787,-0.024125452352231513,0.4885004599815985,148850.04599815985,-0.10963631252627801
20260422,16.54,16.528,15.361333333333334,0,1,0.02224969097651419,-0.08354893352412818,91645.10664758718,0.02224969097651419,0.5216191352345882,152161.91352345882,-0.08982599562327807
20260423,16.12,16.498,15.436,0,1,-0.025392986698911657,-0.10682036326535338,89317.96367346466,-0.025392986698911657,0.4829806807727668,148298.06807727666,-0.11293803201011127
20260424,16.87,16.458,15.621333333333332,0,1,0.0465260545905708,-0.06526423872745102,93473.5761272549,0.0465260545905708,0.5519779208831623,155197.79208831623,-0.07166653846219453
20260427,17.49,16.64,15.854000000000001,0,1,0.03675163011262583,-0.03091117577611857,96908.88242238814,0.03675163011262583,0.6090156393744224,160901.56393744223,-0.0375487704625836
20260428,17.08,16.82,16.058666666666667,0,1,-0.023441966838193218,-0.05362852385683847,94637.14761431616,-0.023441966838193218,0.571297148114073,157129.7148114073,-0.06011052026877794
20260429,18.35,17.182,16.322,0,1,0.07435597189695575,0.01673984702734299,101673.9847027343,0.07435597189695575,0.6881324747010096,168813.24747010096,0.0
20260430,17.56,17.47,16.487333333333332,0,1,-0.043051771117166404,-0.027032604152580908,97296.73958474191,-0.043051771117166404,0.6154553817847259,161545.5381784726,-0.043051771117166404
20260506,18.72,17.839999999999996,16.749333333333333,0,1,0.06605922551252852,0.037240868466041244,103724.08684660413,0.06605922551252852,0.7221711131554709,172217.11131554708,0.0
20260507,20.59,18.46,17.15533333333333,0,1,0.09989316239316248,0.14085413898054444,114085.41389805444,0.09989316239316248,0.8942042318307237,189420.42318307236,0.0
20260508,20.4,19.124,17.452,0,1,-0.00922778047595929,0.1303265874309425,113032.65874309425,-0.00922778047595929,0.8767249310027567,187672.49310027566,-0.00922778047595921
20260511,19.23,19.3,17.67,0,1,-0.057352941176470495,0.06549903315181504,106549.90331518151,-0.057352941176470495,0.76908923643054,176908.923643054,-0.06605148130160253
20260512,19.07,19.601999999999997,17.856666666666666,0,1,-0.00832033281331257,0.056633726583729116,105663.37265837291,-0.00832033281331257,0.7543698252069888,175436.9825206989,-0.07382224380767355
20260513,18.25,19.508,17.935333333333332,0,1,-0.04299947561615103,0.011199030422289313,101119.90304222894,-0.04299947561615103,0.6789328426862897,167893.28426862898,-0.1136474016512869
20260514,16.43,18.676,17.925333333333334,0,1,-0.09972602739726033,-0.08964383178968705,91035.61682103129,-0.09972602739726033,0.5114995400183966,151149.95400183965,-0.2020398251578437
20260515,16.44,17.884,17.942666666666664,-1,0,0.000608642726719566,-0.08908975012918152,91091.02498708185,0.000608642726719566,0.5124195032198688,151241.9503219869,-0.20155415250121403
20260518,17.15,17.468,17.983333333333334,0,0,0.0,-0.08908975012918152,91091.02498708185,0.0431873479318734,0.5777368905243765,157773.68905243764,-0.20155415250121403
20260519,15.44,16.742,17.938,0,0,-0.0,-0.08908975012918152,91091.02498708185,-0.09970845481049562,0.4204231830726748,142042.31830726747,-0.20155415250121403
20260520,13.9,15.872000000000003,17.740000000000002,0,0,-0.0,-0.08908975012918152,91091.02498708185,-0.09974093264248696,0.27874885004599625,127874.88500459962,-0.20155415250121403
20260521,13.5,15.286000000000001,17.474,0,0,-0.0,-0.08908975012918152,91091.02498708185,-0.02877697841726623,0.24195032198711863,124195.03219871187,-0.20155415250121403
20260522,14.85,14.968,17.325333333333333,0,0,0.0,-0.08908975012918152,91091.02498708185,0.09999999999999987,0.3661453541858304,136614.53541858305,-0.20155415250121403
20260525,16.34,14.806000000000001,17.191333333333333,0,0,0.0,-0.08908975012918152,91091.02498708185,0.10033670033670039,0.5032198712051494,150321.98712051494,-0.20155415250121403
20260526,16.16,14.95,17.098,0,0,-0.0,-0.08908975012918152,91091.02498708185,-0.011015911872705009,0.48666053357865446,148666.05335786546,-0.20155415250121403
20260527,16.26,15.422,16.934,0,0,0.0,-0.08908975012918152,91091.02498708185,0.006188118811881305,0.4958601655933741,149586.0165593374,-0.20155415250121403
20260528,15.59,15.84,16.60066666666667,0,0,-0.0,-0.08908975012918152,91091.02498708185,-0.04120541205412065,0.4342226310947539,143422.2631094754,-0.20155415250121403
20260529,14.56,15.782000000000002,16.211333333333336,0,0,-0.0,-0.08908975012918152,91091.02498708185,-0.06606799230275817,0.3394664213431442,133946.64213431443,-0.20155415250121403
20260601,16.02,15.718,15.997333333333332,0,0,0.0,-0.08908975012918152,91091.02498708185,0.10027472527472514,0.47378104875804716,147378.1048758047,-0.20155415250121403
20260602,15.24,15.534,15.741999999999999,0,0,-0.0,-0.08908975012918152,91091.02498708185,-0.048689138576779034,0.40202391904323576,140202.39190432357,-0.20155415250121403
20260603,14.99,15.280000000000001,15.524666666666667,0,0,-0.0,-0.08908975012918152,91091.02498708185,-0.01640419947506566,0.37902483900643724,137902.4839006437,-0.20155415250121403
20260604,14.75,15.112,15.412666666666667,0,0,-0.0,-0.08908975012918152,91091.02498708185,-0.016010673782521745,0.35694572217111054,135694.57221711104,-0.20155415250121403
20260605,14.0,15.0,15.25,0,0,-0.0,-0.08908975012918152,91091.02498708185,-0.05084745762711862,0.2879484820607152,128794.84820607152,-0.20155415250121403
20260608,15.4,14.876,15.133333333333333,0,0,0.0,-0.08908975012918152,91091.02498708185,0.10000000000000009,0.4167433302667869,141674.33302667868,-0.20155415250121403
20260609,15.72,14.972,15.152000000000003,0,0,0.0,-0.08908975012918152,91091.02498708185,0.020779220779220786,0.44618215271388895,144618.2152713889,-0.20155415250121403
20260610,14.87,14.948000000000002,15.216666666666667,0,0,-0.0,-0.08908975012918152,91091.02498708185,-0.0540712468193385,0.367985280588774,136798.5280588774,-0.20155415250121403
20260611,14.85,14.968,15.306666666666668,0,0,-0.0,-0.08908975012918152,91091.02498708185,-0.0013449899125755893,0.36614535418583016,136614.53541858302,-0.20155415250121403
20260612,16.34,15.436000000000002,15.406,1,1,0.0,-0.08908975012918152,91091.02498708185,0.10033670033670039,0.5032198712051492,150321.9871205149,-0.20155415250121403
20260615,16.3,15.616,15.403333333333334,0,1,-0.00244798041615657,-0.09131964058174158,90868.03594182584,-0.00244798041615657,0.49954001839926154,149954.00183992615,-0.2035087322992526
20260616,16.06,15.684000000000001,15.396666666666668,0,1,-0.014723926380368235,-0.10469898329710259,89530.10167028975,-0.014723926380368235,0.47746090156393484,147746.09015639347,-0.21523621108748456
20260617,16.04,15.918000000000001,15.382,0,1,-0.001245330012453305,-0.10581392852338267,89418.60714766174,-0.001245330012453305,0.475620975160991,147562.0975160991,-0.2162135009865039
20260618,14.44,15.836000000000002,15.305333333333332,0,1,-0.09975062344139651,-0.1950095466257884,80499.04533742116,-0.09975062344139651,0.32842686292548073,132842.68629254808,-0.29439669290804965
20260622,14.86,15.540000000000001,15.325333333333333,0,1,0.02908587257617734,-0.17159569687390686,82840.43031260931,0.02908587257617734,0.3670653173873022,136706.5317387302,-0.2738736050286439
20260623,14.34,15.148,15.213333333333335,-1,0,-0.03499327052489898,-0.2005842727571886,79941.57272428114,-0.03499327052489898,0.31922723091076155,131922.72309107616,-0.2992831424031462
20260624,13.92,14.719999999999999,15.125333333333334,0,0,-0.0,-0.2005842727571886,79941.57272428114,-0.029288702928870314,0.2805887764489401,128058.877644894,-0.2992831424031462
20260625,13.02,14.116,14.994,0,0,-0.0,-0.2005842727571886,79941.57272428114,-0.06465517241379315,0.19779208831646544,119779.20883164654,-0.2992831424031462
20260626,14.32,14.091999999999999,14.965333333333332,0,0,0.0,-0.2005842727571886,79941.57272428114,0.09984639016897079,0.3173873045078175,131738.73045078176,-0.2992831424031462
20260629,15.1,14.14,15.038666666666666,0,0,0.0,-0.2005842727571886,79941.57272428114,0.0544692737430168,0.3891444342226289,138914.44342226288,-0.2992831424031462
20260630,16.31,14.534,15.099333333333334,0,0,0.0,-0.2005842727571886,79941.57272428114,0.08013245033112582,0.5004599816007336,150045.99816007336,-0.2992831424031462
20260701,17.0,15.15,15.184666666666665,0,0,0.0,-0.2005842727571886,79941.57272428114,0.04230533415082771,0.5639374425022974,156393.74425022973,-0.2992831424031462
20260702,17.27,16.0,15.344666666666667,1,1,0.0,-0.2005842727571886,79941.57272428114,0.01588235294117646,0.5887764489420397,158877.644894204,-0.2992831424031462
20260703,16.83,16.502,15.476666666666665,0,1,-0.025477707006369532,-0.2209515524321648,77904.84475678352,-0.025477707006369532,0.5482980680772742,154829.8068077274,-0.3171358011954228
