date,open,high,low,close,pre_close,change,pct_chg,volume_hands,volume_shares,amount_thousand_yuan,raw_open,raw_high,raw_low,raw_close,raw_pre_close,raw_change,raw_pct_chg,adj_factor
20250704,4.29,4.33,4.28,4.31,4.29,0.02,0.4662,1076278.54,107627854.0,463839.319,4.29,4.33,4.28,4.31,4.29,0.02,0.4662,1.0
20250707,4.31,4.35,4.31,4.34,4.31,0.03,0.6961,1126849.7,112684970.0,487827.349,4.31,4.35,4.31,4.34,4.31,0.03,0.6961,1.0
20250708,4.34,4.34,4.3,4.33,4.34,-0.01,-0.2304,1084256.04,108425604.0,468337.531,4.34,4.34,4.3,4.33,4.34,-0.01,-0.2304,1.0
20250709,4.33,4.36,4.31,4.32,4.33,-0.01,-0.2309,1091101.84,109110184.00000001,472860.388,4.33,4.36,4.31,4.32,4.33,-0.01,-0.2309,1.0
20250710,4.32,4.34,4.31,4.32,4.32,0.0,0.0,1077226.57,107722657.0,466102.987,4.32,4.34,4.31,4.32,4.32,0.0,0.0,1.0
20250711,4.33,4.35,4.32,4.33,4.32,0.01,0.2315,1357336.24,135733624.0,588427.911,4.33,4.35,4.32,4.33,4.32,0.01,0.2315,1.0
20250714,4.34,4.38,4.33,4.36,4.33,0.03,0.6928,1493728.22,149372822.0,651470.4,4.34,4.38,4.33,4.36,4.33,0.03,0.6928,1.0
20250715,4.36,4.37,4.29,4.31,4.36,-0.05,-1.1468,1502974.45,150297445.0,648884.814,4.36,4.37,4.29,4.31,4.36,-0.05,-1.1468,1.0
20250716,4.32,4.33,4.29,4.3,4.31,-0.01,-0.232,914330.11,91433011.0,394128.151,4.32,4.33,4.29,4.3,4.31,-0.01,-0.232,1.0
20250717,4.3,4.31,4.28,4.29,4.3,-0.01,-0.2326,1010496.32,101049632.0,433659.778,4.3,4.31,4.28,4.29,4.3,-0.01,-0.2326,1.0
20250718,4.3,4.31,4.28,4.3,4.29,0.01,0.2331,947346.7,94734670.0,407091.675,4.3,4.31,4.28,4.3,4.29,0.01,0.2331,1.0
20250721,4.32,4.38,4.32,4.37,4.3,0.07,1.6279,2216736.57,221673656.99999997,966644.827,4.32,4.38,4.32,4.37,4.3,0.07,1.6279,1.0
20250722,4.37,4.44,4.35,4.42,4.37,0.05,1.1442,2640847.0,264084700.0,1161058.301,4.37,4.44,4.35,4.42,4.37,0.05,1.1442,1.0
20250723,4.44,4.46,4.38,4.39,4.42,-0.03,-0.6787,1847512.74,184751274.0,816609.006,4.44,4.46,4.38,4.39,4.42,-0.03,-0.6787,1.0
20250724,4.39,4.43,4.36,4.42,4.39,0.03,0.6834,1739339.5,173933950.0,765319.683,4.39,4.43,4.36,4.42,4.39,0.03,0.6834,1.0
20250725,4.43,4.44,4.37,4.38,4.42,-0.04,-0.905,1513316.0,151331600.0,666106.292,4.43,4.44,4.37,4.38,4.42,-0.04,-0.905,1.0
20250728,4.4,4.41,4.35,4.36,4.38,-0.02,-0.4566,1164554.2,116455420.0,509260.292,4.4,4.41,4.35,4.36,4.38,-0.02,-0.4566,1.0
20250729,4.36,4.37,4.34,4.36,4.36,0.0,0.0,1068345.42,106834542.0,464693.54,4.36,4.37,4.34,4.36,4.36,0.0,0.0,1.0
20250730,4.36,4.42,4.35,4.38,4.36,0.02,0.4587,1596179.87,159617987.0,700181.606,4.36,4.42,4.35,4.38,4.36,0.02,0.4587,1.0
20250731,4.38,4.39,4.31,4.33,4.38,-0.05,-1.1416,1852544.46,185254446.0,803006.254,4.38,4.39,4.31,4.33,4.38,-0.05,-1.1416,1.0
20250801,4.32,4.34,4.29,4.31,4.33,-0.02,-0.4619,980213.8,98021380.0,422785.993,4.32,4.34,4.29,4.31,4.33,-0.02,-0.4619,1.0
20250804,4.3,4.32,4.29,4.31,4.31,0.0,0.0,774701.0,77470100.0,333253.932,4.3,4.32,4.29,4.31,4.31,0.0,0.0,1.0
20250805,4.31,4.32,4.3,4.32,4.31,0.01,0.232,888314.62,88831462.0,382982.273,4.31,4.32,4.3,4.32,4.31,0.01,0.232,1.0
20250806,4.32,4.32,4.29,4.31,4.32,-0.01,-0.2315,803591.0,80359100.0,345782.879,4.32,4.32,4.29,4.31,4.32,-0.01,-0.2315,1.0
20250807,4.3,4.32,4.29,4.3,4.31,-0.01,-0.232,986778.62,98677862.0,424903.503,4.3,4.32,4.29,4.3,4.31,-0.01,-0.232,1.0
20250808,4.3,4.33,4.3,4.32,4.3,0.02,0.4651,948653.55,94865355.0,409746.262,4.3,4.33,4.3,4.32,4.3,0.02,0.4651,1.0
20250811,4.33,4.33,4.3,4.31,4.32,-0.01,-0.2315,951476.93,95147693.0,410198.953,4.33,4.33,4.3,4.31,4.32,-0.01,-0.2315,1.0
20250812,4.31,4.32,4.29,4.3,4.31,-0.01,-0.232,986452.12,98645212.0,424652.206,4.31,4.32,4.29,4.3,4.31,-0.01,-0.232,1.0
20250813,4.3,4.31,4.29,4.3,4.3,0.0,0.0,1178499.25,117849925.0,506939.605,4.3,4.31,4.29,4.3,4.3,0.0,0.0,1.0
20250814,4.31,4.32,4.28,4.28,4.3,-0.02,-0.4651,1210804.0,121080400.0,520812.192,4.31,4.32,4.28,4.28,4.3,-0.02,-0.4651,1.0
20250815,4.29,4.3,4.28,4.28,4.28,0.0,0.0,1339259.84,133925984.00000001,574678.749,4.29,4.3,4.28,4.28,4.28,0.0,0.0,1.0
20250818,4.29,4.32,4.28,4.3,4.28,0.02,0.4673,1628347.04,162834704.0,700961.404,4.29,4.32,4.28,4.3,4.28,0.02,0.4673,1.0
20250819,4.25,4.25,4.23,4.24,4.23,0.01,0.2364,1244808.02,124480802.0,527920.568,4.25,4.25,4.23,4.24,4.23,0.01,0.2364,1.0
20250820,4.23,4.25,4.22,4.24,4.24,0.0,0.0,1204113.83,120411383.0,509109.453,4.23,4.25,4.22,4.24,4.24,0.0,0.0,1.0
20250821,4.24,4.28,4.23,4.27,4.24,0.03,0.7075,1608435.7,160843570.0,685453.301,4.24,4.28,4.23,4.27,4.24,0.03,0.7075,1.0
20250822,4.27,4.29,4.25,4.28,4.27,0.01,0.2342,1286112.96,128611296.0,548385.058,4.27,4.29,4.25,4.28,4.27,0.01,0.2342,1.0
20250825,4.28,4.33,4.27,4.32,4.28,0.04,0.9346,1932413.41,193241341.0,831800.754,4.28,4.33,4.27,4.32,4.28,0.04,0.9346,1.0
20250826,4.33,4.33,4.3,4.32,4.32,0.0,0.0,1433617.98,143361798.0,618487.052,4.33,4.33,4.3,4.32,4.32,0.0,0.0,1.0
20250827,4.32,4.34,4.26,4.26,4.32,-0.06,-1.3889,1851016.26,185101626.0,795696.764,4.32,4.34,4.26,4.26,4.32,-0.06,-1.3889,1.0
20250828,4.26,4.28,4.22,4.27,4.26,0.01,0.2347,1722934.95,172293495.0,732384.65,4.26,4.28,4.22,4.27,4.26,0.01,0.2347,1.0
20250829,4.26,4.31,4.25,4.25,4.27,-0.02,-0.4684,1761319.09,176131909.0,753212.586,4.26,4.31,4.25,4.25,4.27,-0.02,-0.4684,1.0
20250901,4.25,4.25,4.23,4.24,4.25,-0.01,-0.2353,1391723.07,139172307.0,589918.948,4.25,4.25,4.23,4.24,4.25,-0.01,-0.2353,1.0
20250902,4.24,4.26,4.23,4.26,4.24,0.02,0.4717,1448039.34,144803934.0,614532.671,4.24,4.26,4.23,4.26,4.24,0.02,0.4717,1.0
20250903,4.25,4.26,4.22,4.24,4.26,-0.02,-0.4695,1442358.79,144235879.0,610675.269,4.25,4.26,4.22,4.24,4.26,-0.02,-0.4695,1.0
20250904,4.23,4.25,4.21,4.24,4.24,0.0,0.0,1548208.74,154820874.0,654612.084,4.23,4.25,4.21,4.24,4.24,0.0,0.0,1.0
20250905,4.24,4.28,4.23,4.27,4.24,0.03,0.7075,1493595.29,149359529.0,634790.582,4.24,4.28,4.23,4.27,4.24,0.03,0.7075,1.0
20250908,4.27,4.35,4.26,4.34,4.27,0.07,1.6393,2857487.71,285748771.0,1234052.088,4.27,4.35,4.26,4.34,4.27,0.07,1.6393,1.0
20250909,4.34,4.35,4.31,4.32,4.34,-0.02,-0.4608,1468395.86,146839586.0,635359.607,4.34,4.35,4.31,4.32,4.34,-0.02,-0.4608,1.0
20250910,4.32,4.33,4.28,4.29,4.32,-0.03,-0.6944,1122318.22,112231822.0,482240.405,4.32,4.33,4.28,4.29,4.32,-0.03,-0.6944,1.0
20250911,4.29,4.31,4.27,4.31,4.29,0.02,0.4662,1304445.48,130444548.0,559879.352,4.29,4.31,4.27,4.31,4.29,0.02,0.4662,1.0
20250912,4.31,4.31,4.28,4.29,4.31,-0.02,-0.464,958769.3,95876930.0,411531.492,4.31,4.31,4.28,4.29,4.31,-0.02,-0.464,1.0
20250915,4.29,4.31,4.27,4.29,4.29,0.0,0.0,1212882.82,121288282.0,520323.237,4.29,4.31,4.27,4.29,4.29,0.0,0.0,1.0
20250916,4.29,4.3,4.26,4.28,4.29,-0.01,-0.2331,1190993.05,119099305.0,509126.403,4.29,4.3,4.26,4.28,4.29,-0.01,-0.2331,1.0
20250917,4.27,4.29,4.25,4.28,4.28,0.0,0.0,1011540.86,101154086.0,432340.008,4.27,4.29,4.25,4.28,4.28,0.0,0.0,1.0
20250918,4.29,4.31,4.25,4.28,4.28,0.0,0.0,1664832.18,166483218.0,713304.171,4.29,4.31,4.25,4.28,4.28,0.0,0.0,1.0
20250919,4.28,4.28,4.24,4.25,4.28,-0.03,-0.7009,1344401.86,134440186.0,572253.635,4.28,4.28,4.24,4.25,4.28,-0.03,-0.7009,1.0
20250922,4.24,4.26,4.24,4.25,4.25,0.0,0.0,917657.45,91765745.0,389913.712,4.24,4.26,4.24,4.25,4.25,0.0,0.0,1.0
20250923,4.25,4.28,4.22,4.26,4.25,0.01,0.2353,1714093.74,171409374.0,728227.867,4.25,4.28,4.22,4.26,4.25,0.01,0.2353,1.0
20250924,4.25,4.28,4.24,4.26,4.26,0.0,0.0,1054037.01,105403701.0,448638.525,4.25,4.28,4.24,4.26,4.26,0.0,0.0,1.0
20250925,4.25,4.26,4.23,4.24,4.26,-0.02,-0.4695,901956.26,90195626.0,382424.539,4.25,4.26,4.23,4.24,4.26,-0.02,-0.4695,1.0
20250926,4.23,4.29,4.23,4.28,4.24,0.04,0.9434,1628986.77,162898677.0,694674.461,4.23,4.29,4.23,4.28,4.24,0.04,0.9434,1.0
20250929,4.28,4.29,4.25,4.28,4.28,0.0,0.0,1251307.62,125130762.00000001,533626.248,4.28,4.29,4.25,4.28,4.28,0.0,0.0,1.0
20250930,4.27,4.27,4.25,4.25,4.28,-0.03,-0.7009,1018212.65,101821265.0,433408.906,4.27,4.27,4.25,4.25,4.28,-0.03,-0.7009,1.0
20251009,4.26,4.34,4.25,4.34,4.25,0.09,2.1176,2822870.78,282287078.0,1215604.205,4.26,4.34,4.25,4.34,4.25,0.09,2.1176,1.0
20251010,4.34,4.35,4.31,4.32,4.34,-0.02,-0.4608,1706118.15,170611815.0,738491.017,4.34,4.35,4.31,4.32,4.34,-0.02,-0.4608,1.0
20251013,4.28,4.35,4.26,4.34,4.32,0.02,0.463,2208194.49,220819449.00000003,949378.372,4.28,4.35,4.26,4.34,4.32,0.02,0.463,1.0
20251014,4.34,4.36,4.32,4.33,4.34,-0.01,-0.2304,1782534.96,178253496.0,773718.789,4.34,4.36,4.32,4.33,4.34,-0.01,-0.2304,1.0
20251015,4.33,4.35,4.29,4.31,4.33,-0.02,-0.4619,1485340.9,148534090.0,641224.834,4.33,4.35,4.29,4.31,4.33,-0.02,-0.4619,1.0
20251016,4.31,4.32,4.29,4.32,4.31,0.01,0.232,1377712.54,137771254.0,593728.799,4.31,4.32,4.29,4.32,4.31,0.01,0.232,1.0
20251017,4.31,4.35,4.29,4.3,4.32,-0.02,-0.463,1776198.59,177619859.0,766581.679,4.31,4.35,4.29,4.3,4.32,-0.02,-0.463,1.0
20251020,4.33,4.33,4.27,4.29,4.3,-0.01,-0.2326,1549972.52,154997252.0,665732.327,4.33,4.33,4.27,4.29,4.3,-0.01,-0.2326,1.0
20251021,4.29,4.31,4.28,4.29,4.29,0.0,0.0,1153074.55,115307455.0,495552.875,4.29,4.31,4.28,4.29,4.29,0.0,0.0,1.0
20251022,4.29,4.31,4.29,4.29,4.29,0.0,0.0,820992.09,82099209.0,353008.192,4.29,4.31,4.29,4.29,4.29,0.0,0.0,1.0
20251023,4.3,4.34,4.29,4.33,4.29,0.04,0.9324,1556151.86,155615186.0,671708.793,4.3,4.34,4.29,4.33,4.29,0.04,0.9324,1.0
20251024,4.33,4.33,4.29,4.3,4.33,-0.03,-0.6928,1305831.0,130583100.0,562442.714,4.33,4.33,4.29,4.3,4.33,-0.03,-0.6928,1.0
20251027,4.31,4.33,4.29,4.33,4.3,0.03,0.6977,1492425.05,149242505.0,643798.999,4.31,4.33,4.29,4.33,4.3,0.03,0.6977,1.0
20251028,4.32,4.32,4.28,4.29,4.33,-0.04,-0.9238,1451357.42,145135742.0,624116.209,4.32,4.32,4.28,4.29,4.33,-0.04,-0.9238,1.0
20251029,4.29,4.3,4.28,4.29,4.29,0.0,0.0,962886.67,96288667.0,413170.664,4.29,4.3,4.28,4.29,4.29,0.0,0.0,1.0
20251030,4.3,4.43,4.29,4.38,4.29,0.09,2.0979,3848122.23,384812223.0,1680283.242,4.3,4.43,4.29,4.38,4.29,0.09,2.0979,1.0
20251031,4.34,4.35,4.25,4.25,4.38,-0.13,-2.968,4747928.49,474792849.0,2035163.246,4.34,4.35,4.25,4.25,4.38,-0.13,-2.968,1.0
20251103,4.25,4.27,4.24,4.26,4.25,0.01,0.2353,1482378.73,148237873.0,631016.235,4.25,4.27,4.24,4.26,4.25,0.01,0.2353,1.0
20251104,4.26,4.28,4.25,4.26,4.26,0.0,0.0,1338591.13,133859112.99999999,570955.725,4.26,4.28,4.25,4.26,4.26,0.0,0.0,1.0
20251105,4.25,4.28,4.24,4.27,4.26,0.01,0.2347,1215106.5,121510650.0,518079.426,4.25,4.28,4.24,4.27,4.26,0.01,0.2347,1.0
20251106,4.27,4.33,4.27,4.3,4.27,0.03,0.7026,1951189.1,195118910.0,839658.601,4.27,4.33,4.27,4.3,4.27,0.03,0.7026,1.0
20251107,4.29,4.32,4.29,4.32,4.3,0.02,0.4651,1254880.36,125488036.00000001,540422.921,4.29,4.32,4.29,4.32,4.3,0.02,0.4651,1.0
20251110,4.32,4.33,4.3,4.31,4.32,-0.01,-0.2315,1058691.63,105869162.99999999,456772.435,4.32,4.33,4.3,4.31,4.32,-0.01,-0.2315,1.0
20251111,4.33,4.33,4.3,4.32,4.31,0.01,0.232,1320363.65,132036364.99999999,570192.343,4.33,4.33,4.3,4.32,4.31,0.01,0.232,1.0
20251112,4.32,4.33,4.28,4.29,4.32,-0.03,-0.6944,1133785.17,113378517.0,487873.379,4.32,4.33,4.28,4.29,4.32,-0.03,-0.6944,1.0
20251113,4.29,4.3,4.27,4.29,4.29,0.0,0.0,1260082.6,126008260.00000001,539784.512,4.29,4.3,4.27,4.29,4.29,0.0,0.0,1.0
20251114,4.28,4.3,4.27,4.28,4.29,-0.01,-0.2331,1061933.11,106193311.00000001,455283.648,4.28,4.3,4.27,4.28,4.29,-0.01,-0.2331,1.0
20251117,4.28,4.29,4.25,4.28,4.28,0.0,0.0,1311162.94,131116294.0,559660.803,4.28,4.29,4.25,4.28,4.28,0.0,0.0,1.0
20251118,4.28,4.28,4.24,4.25,4.28,-0.03,-0.7009,1557166.3,155716630.0,662555.734,4.28,4.28,4.24,4.25,4.28,-0.03,-0.7009,1.0
20251119,4.25,4.26,4.23,4.24,4.25,-0.01,-0.2353,1145009.29,114500929.0,485548.893,4.25,4.26,4.23,4.24,4.25,-0.01,-0.2353,1.0
20251120,4.25,4.26,4.23,4.24,4.24,0.0,0.0,991059.92,99105992.0,420643.329,4.25,4.26,4.23,4.24,4.24,0.0,0.0,1.0
20251121,4.23,4.23,4.18,4.19,4.24,-0.05,-1.1792,1895656.82,189565682.0,796992.581,4.23,4.23,4.18,4.19,4.24,-0.05,-1.1792,1.0
20251124,4.2,4.2,4.17,4.19,4.19,0.0,0.0,1085433.53,108543353.0,454018.482,4.2,4.2,4.17,4.19,4.19,0.0,0.0,1.0
20251125,4.19,4.2,4.18,4.18,4.19,-0.01,-0.2387,898974.23,89897423.0,376449.086,4.19,4.2,4.18,4.18,4.19,-0.01,-0.2387,1.0
20251126,4.18,4.19,4.17,4.17,4.18,-0.01,-0.2392,779513.03,77951303.0,325616.798,4.18,4.19,4.17,4.17,4.18,-0.01,-0.2392,1.0
20251127,4.17,4.18,4.16,4.17,4.17,0.0,0.0,510046.62,51004662.0,212807.103,4.17,4.18,4.16,4.17,4.17,0.0,0.0,1.0
20251128,4.17,4.18,4.16,4.18,4.17,0.01,0.2398,780230.92,78023092.0,325217.521,4.17,4.18,4.16,4.18,4.17,0.01,0.2398,1.0
20251201,4.18,4.2,4.17,4.19,4.18,0.01,0.2392,729467.02,72946702.0,305071.4,4.18,4.2,4.17,4.19,4.18,0.01,0.2392,1.0
20251202,4.19,4.19,4.17,4.18,4.19,-0.01,-0.2387,493699.19,49369919.0,206403.797,4.19,4.19,4.17,4.18,4.19,-0.01,-0.2387,1.0
20251203,4.18,4.2,4.17,4.19,4.18,0.01,0.2392,754652.34,75465234.0,316004.898,4.18,4.2,4.17,4.19,4.18,0.01,0.2392,1.0
20251204,4.19,4.2,4.18,4.19,4.19,0.0,0.0,545081.0,54508100.0,228391.118,4.19,4.2,4.18,4.19,4.19,0.0,0.0,1.0
20251205,4.19,4.2,4.17,4.2,4.19,0.01,0.2387,716513.31,71651331.0,300059.531,4.19,4.2,4.17,4.2,4.19,0.01,0.2387,1.0
20251208,4.2,4.21,4.18,4.19,4.2,-0.01,-0.2381,749125.18,74912518.0,314108.939,4.2,4.21,4.18,4.19,4.2,-0.01,-0.2381,1.0
20251209,4.19,4.19,4.16,4.17,4.19,-0.02,-0.4773,694204.1,69420410.0,289814.753,4.19,4.19,4.16,4.17,4.19,-0.02,-0.4773,1.0
20251210,4.16,4.18,4.14,4.16,4.17,-0.01,-0.2398,998692.02,99869202.0,414971.937,4.16,4.18,4.14,4.16,4.17,-0.01,-0.2398,1.0
20251211,4.16,4.16,4.14,4.14,4.16,-0.02,-0.4808,647993.94,64799393.99999999,268808.675,4.16,4.16,4.14,4.14,4.16,-0.02,-0.4808,1.0
20251212,4.14,4.15,4.12,4.14,4.14,0.0,0.0,1031537.96,103153796.0,426169.876,4.14,4.15,4.12,4.14,4.14,0.0,0.0,1.0
20251215,4.13,4.14,4.12,4.13,4.14,-0.01,-0.2415,594471.23,59447123.0,245529.606,4.13,4.14,4.12,4.13,4.14,-0.01,-0.2415,1.0
20251216,4.13,4.13,4.09,4.12,4.13,-0.01,-0.2421,1034427.93,103442793.0,424810.26,4.13,4.13,4.09,4.12,4.13,-0.01,-0.2421,1.0
20251217,4.11,4.13,4.08,4.12,4.12,0.0,0.0,904635.93,90463593.0,371248.959,4.11,4.13,4.08,4.12,4.12,0.0,0.0,1.0
20251218,4.11,4.13,4.1,4.12,4.12,0.0,0.0,530244.43,53024443.00000001,218312.113,4.11,4.13,4.1,4.12,4.12,0.0,0.0,1.0
20251219,4.12,4.14,4.11,4.13,4.12,0.01,0.2427,669095.16,66909516.0,276520.454,4.12,4.14,4.11,4.13,4.12,0.01,0.2427,1.0
20251222,4.13,4.14,4.12,4.13,4.13,0.0,0.0,753684.02,75368402.0,311389.937,4.13,4.14,4.12,4.13,4.13,0.0,0.0,1.0
20251223,4.13,4.14,4.11,4.12,4.13,-0.01,-0.2421,658377.7,65837769.99999999,271396.155,4.13,4.14,4.11,4.12,4.13,-0.01,-0.2421,1.0
20251224,4.11,4.14,4.1,4.14,4.12,0.02,0.4854,623669.81,62366981.00000001,257005.817,4.11,4.14,4.1,4.14,4.12,0.02,0.4854,1.0
20251225,4.14,4.14,4.12,4.13,4.14,-0.01,-0.2415,475501.61,47550161.0,196541.418,4.14,4.14,4.12,4.13,4.14,-0.01,-0.2415,1.0
20251226,4.14,4.14,4.12,4.13,4.13,0.0,0.0,656228.73,65622873.0,271213.681,4.14,4.14,4.12,4.13,4.13,0.0,0.0,1.0
20251229,4.14,4.14,4.11,4.11,4.13,-0.02,-0.4843,725683.41,72568341.0,299196.623,4.14,4.14,4.11,4.11,4.13,-0.02,-0.4843,1.0
20251230,4.11,4.12,4.09,4.1,4.11,-0.01,-0.2433,612339.1,61233910.0,251163.282,4.11,4.12,4.09,4.1,4.11,-0.01,-0.2433,1.0
20251231,4.09,4.1,4.09,4.09,4.1,-0.01,-0.2439,472827.08,47282708.0,193541.5,4.09,4.1,4.09,4.09,4.1,-0.01,-0.2439,1.0
20260105,4.1,4.13,4.09,4.13,4.09,0.04,0.978,734322.96,73432296.0,301966.008,4.1,4.13,4.09,4.13,4.09,0.04,0.978,1.0
20260106,4.12,4.14,4.12,4.14,4.13,0.01,0.2421,992105.89,99210589.0,409847.363,4.12,4.14,4.12,4.14,4.13,0.01,0.2421,1.0
20260107,4.14,4.14,4.12,4.13,4.14,-0.01,-0.2415,766154.51,76615451.0,316495.487,4.14,4.14,4.12,4.13,4.14,-0.01,-0.2415,1.0
20260108,4.12,4.13,4.11,4.13,4.13,0.0,0.0,555208.36,55520836.0,228955.561,4.12,4.13,4.11,4.13,4.13,0.0,0.0,1.0
20260109,4.13,4.16,4.12,4.15,4.13,0.02,0.4843,1090942.38,109094237.99999999,452371.485,4.13,4.16,4.12,4.15,4.13,0.02,0.4843,1.0
20260112,4.16,4.16,4.14,4.15,4.15,0.0,0.0,999314.0,99931400.0,414629.788,4.16,4.16,4.14,4.15,4.15,0.0,0.0,1.0
20260113,4.16,4.18,4.14,4.17,4.15,0.02,0.4819,1310073.0,131007300.0,545257.965,4.16,4.18,4.14,4.17,4.15,0.02,0.4819,1.0
20260114,4.17,4.19,4.14,4.16,4.17,-0.01,-0.2398,1550249.48,155024948.0,645707.146,4.17,4.19,4.14,4.16,4.17,-0.01,-0.2398,1.0
20260115,4.15,4.16,4.11,4.12,4.16,-0.04,-0.9615,1332047.01,133204701.0,550250.168,4.15,4.16,4.11,4.12,4.16,-0.04,-0.9615,1.0
20260116,4.13,4.18,4.13,4.14,4.12,0.02,0.4854,1914209.99,191420999.0,795466.101,4.13,4.18,4.13,4.14,4.12,0.02,0.4854,1.0
20260119,4.15,4.18,4.14,4.16,4.14,0.02,0.4831,1147570.48,114757048.0,477492.951,4.15,4.18,4.14,4.16,4.14,0.02,0.4831,1.0
20260120,4.16,4.19,4.15,4.18,4.16,0.02,0.4808,1798299.95,179829995.0,750979.124,4.16,4.19,4.15,4.18,4.16,0.02,0.4808,1.0
20260121,4.18,4.19,4.14,4.15,4.18,-0.03,-0.7177,1359215.96,135921596.0,565891.823,4.18,4.19,4.14,4.15,4.18,-0.03,-0.7177,1.0
20260122,4.15,4.18,4.15,4.16,4.15,0.01,0.241,1214682.96,121468296.0,505605.896,4.15,4.18,4.15,4.16,4.15,0.01,0.241,1.0
20260123,4.16,4.17,4.14,4.16,4.16,0.0,0.0,1483615.65,148361565.0,615916.769,4.16,4.17,4.14,4.16,4.16,0.0,0.0,1.0
20260126,4.15,4.18,4.14,4.17,4.16,0.01,0.2404,1871343.9,187134390.0,779377.141,4.15,4.18,4.14,4.17,4.16,0.01,0.2404,1.0
20260127,4.16,4.17,4.13,4.13,4.17,-0.04,-0.9592,1545063.17,154506317.0,640136.762,4.16,4.17,4.13,4.13,4.17,-0.04,-0.9592,1.0
20260128,4.13,4.16,4.12,4.13,4.13,0.0,0.0,1960843.79,196084379.0,810634.325,4.13,4.16,4.12,4.13,4.13,0.0,0.0,1.0
20260129,4.12,4.13,4.1,4.12,4.13,-0.01,-0.2421,1953968.87,195396887.0,803363.296,4.12,4.13,4.1,4.12,4.13,-0.01,-0.2421,1.0
20260130,4.12,4.13,4.09,4.11,4.12,-0.01,-0.2427,1495142.43,149514243.0,614762.987,4.12,4.13,4.09,4.11,4.12,-0.01,-0.2427,1.0
20260202,4.11,4.12,4.08,4.09,4.11,-0.02,-0.4866,1561440.52,156144052.0,640026.378,4.11,4.12,4.08,4.09,4.11,-0.02,-0.4866,1.0
20260203,4.09,4.1,4.06,4.08,4.09,-0.01,-0.2445,1269783.18,126978318.0,517460.452,4.09,4.1,4.06,4.08,4.09,-0.01,-0.2445,1.0
20260204,4.08,4.11,4.07,4.11,4.08,0.03,0.7353,1182516.13,118251612.99999999,484140.086,4.08,4.11,4.07,4.11,4.08,0.03,0.7353,1.0
20260205,4.1,4.12,4.08,4.11,4.11,0.0,0.0,988721.28,98872128.0,405283.086,4.1,4.12,4.08,4.11,4.11,0.0,0.0,1.0
20260206,4.1,4.12,4.08,4.1,4.11,-0.01,-0.2433,810385.02,81038502.0,332612.3,4.1,4.12,4.08,4.1,4.11,-0.01,-0.2433,1.0
20260209,4.11,4.12,4.1,4.11,4.1,0.01,0.2439,716871.3,71687130.0,294560.673,4.11,4.12,4.1,4.11,4.1,0.01,0.2439,1.0
20260210,4.11,4.12,4.09,4.09,4.11,-0.02,-0.4866,814325.09,81432509.0,333873.091,4.11,4.12,4.09,4.09,4.11,-0.02,-0.4866,1.0
20260211,4.1,4.11,4.09,4.1,4.09,0.01,0.2445,637769.96,63776996.0,261601.054,4.1,4.11,4.09,4.1,4.09,0.01,0.2445,1.0
20260212,4.11,4.13,4.09,4.09,4.1,-0.01,-0.2439,1115589.0,111558900.0,457774.909,4.11,4.13,4.09,4.09,4.1,-0.01,-0.2439,1.0
20260213,4.09,4.1,4.07,4.08,4.09,-0.01,-0.2445,957466.61,95746661.0,391062.15,4.09,4.1,4.07,4.08,4.09,-0.01,-0.2445,1.0
20260224,4.09,4.1,4.09,4.09,4.08,0.01,0.2451,699315.2,69931520.0,286386.805,4.09,4.1,4.09,4.09,4.08,0.01,0.2451,1.0
20260225,4.1,4.12,4.09,4.11,4.09,0.02,0.489,1422174.38,142217438.0,584474.048,4.1,4.12,4.09,4.11,4.09,0.02,0.489,1.0
20260226,4.11,4.12,4.1,4.1,4.11,-0.01,-0.2433,965025.94,96502594.0,396245.901,4.11,4.12,4.1,4.1,4.11,-0.01,-0.2433,1.0
20260227,4.1,4.16,4.09,4.16,4.1,0.06,1.4634,2048518.91,204851891.0,847184.209,4.1,4.16,4.09,4.16,4.1,0.06,1.4634,1.0
20260302,4.15,4.22,4.13,4.2,4.16,0.04,0.9615,2597901.68,259790168.00000003,1087658.332,4.15,4.22,4.13,4.2,4.16,0.04,0.9615,1.0
20260303,4.2,4.23,4.17,4.19,4.2,-0.01,-0.2381,2581478.98,258147898.0,1085047.196,4.2,4.23,4.17,4.19,4.2,-0.01,-0.2381,1.0
20260304,4.18,4.23,4.13,4.21,4.19,0.02,0.4773,2507493.77,250749377.0,1052399.256,4.18,4.23,4.13,4.21,4.19,0.02,0.4773,1.0
20260305,4.22,4.27,4.21,4.25,4.21,0.04,0.9501,2440210.14,244021014.0,1034551.391,4.22,4.27,4.21,4.25,4.21,0.04,0.9501,1.0
20260306,4.25,4.29,4.22,4.27,4.25,0.02,0.4706,1937684.29,193768429.0,825298.914,4.25,4.29,4.22,4.27,4.25,0.02,0.4706,1.0
20260309,4.29,4.38,4.27,4.33,4.27,0.06,1.4052,4054231.54,405423154.0,1757455.117,4.29,4.38,4.27,4.33,4.27,0.06,1.4052,1.0
20260310,4.3,4.4,4.27,4.36,4.33,0.03,0.6928,3346805.78,334680578.0,1452758.577,4.3,4.4,4.27,4.36,4.33,0.03,0.6928,1.0
20260311,4.36,4.5,4.31,4.49,4.36,0.13,2.9817,6144834.82,614483482.0,2725196.724,4.36,4.5,4.31,4.49,4.36,0.13,2.9817,1.0
20260312,4.51,4.52,4.42,4.49,4.49,0.0,0.0,5558763.21,555876321.0,2488887.591,4.51,4.52,4.42,4.49,4.49,0.0,0.0,1.0
20260313,4.49,4.52,4.42,4.43,4.49,-0.06,-1.3363,5027613.33,502761333.0,2243513.246,4.49,4.52,4.42,4.43,4.49,-0.06,-1.3363,1.0
20260316,4.43,4.47,4.34,4.36,4.43,-0.07,-1.5801,3647784.96,364778496.0,1599139.374,4.43,4.47,4.34,4.36,4.43,-0.07,-1.5801,1.0
20260317,4.34,4.4,4.31,4.34,4.36,-0.02,-0.4587,2845736.94,284573694.0,1240249.147,4.34,4.4,4.31,4.34,4.36,-0.02,-0.4587,1.0
20260318,4.33,4.39,4.27,4.3,4.34,-0.04,-0.9217,2826027.61,282602761.0,1219470.799,4.33,4.39,4.27,4.3,4.34,-0.04,-0.9217,1.0
20260319,4.29,4.35,4.28,4.32,4.3,0.02,0.4651,2613054.93,261305493.00000003,1129307.282,4.29,4.35,4.28,4.32,4.3,0.02,0.4651,1.0
20260320,4.32,4.4,4.3,4.33,4.32,0.01,0.2315,3066820.61,306682061.0,1335141.411,4.32,4.4,4.3,4.33,4.32,0.01,0.2315,1.0
20260323,4.3,4.39,4.23,4.3,4.33,-0.03,-0.6928,4250341.27,425034126.99999994,1839125.187,4.3,4.39,4.23,4.3,4.33,-0.03,-0.6928,1.0
20260324,4.32,4.45,4.29,4.44,4.3,0.14,3.2558,4456909.73,445690973.00000006,1953353.146,4.32,4.45,4.29,4.44,4.3,0.14,3.2558,1.0
20260325,4.44,4.67,4.38,4.56,4.44,0.12,2.7027,6578079.75,657807975.0,2992450.25,4.44,4.67,4.38,4.56,4.44,0.12,2.7027,1.0
20260326,4.55,4.56,4.44,4.5,4.56,-0.06,-1.3158,4176871.47,417687147.0,1873123.812,4.55,4.56,4.44,4.5,4.56,-0.06,-1.3158,1.0
20260327,4.44,4.48,4.41,4.44,4.5,-0.06,-1.3333,3025448.7,302544870.0,1343113.285,4.44,4.48,4.41,4.44,4.5,-0.06,-1.3333,1.0
20260330,4.41,4.44,4.33,4.39,4.44,-0.05,-1.1261,2488106.72,248810672.00000003,1088756.307,4.41,4.44,4.33,4.39,4.44,-0.05,-1.1261,1.0
20260331,4.37,4.39,4.26,4.26,4.39,-0.13,-2.9613,2662107.42,266210742.0,1149288.94,4.37,4.39,4.26,4.26,4.39,-0.13,-2.9613,1.0
20260401,4.22,4.25,4.15,4.18,4.26,-0.08,-1.8779,4030112.01,403011201.0,1684670.208,4.22,4.25,4.15,4.18,4.26,-0.08,-1.8779,1.0
20260402,4.16,4.2,4.14,4.18,4.18,0.0,0.0,1967579.57,196757957.0,819340.565,4.16,4.2,4.14,4.18,4.18,0.0,0.0,1.0
20260403,4.17,4.18,4.09,4.09,4.18,-0.09,-2.1531,1737274.0,173727400.0,715708.869,4.17,4.18,4.09,4.09,4.18,-0.09,-2.1531,1.0
20260407,4.08,4.12,4.07,4.09,4.09,0.0,0.0,1118079.8,111807980.0,457928.434,4.08,4.12,4.07,4.09,4.09,0.0,0.0,1.0
20260408,4.11,4.13,4.1,4.13,4.09,0.04,0.978,1561163.92,156116392.0,642723.062,4.11,4.13,4.1,4.13,4.09,0.04,0.978,1.0
20260409,4.11,4.12,4.08,4.1,4.13,-0.03,-0.7264,1224200.0,122420000.0,501077.737,4.11,4.12,4.08,4.1,4.13,-0.03,-0.7264,1.0
20260410,4.1,4.11,4.09,4.11,4.1,0.01,0.2439,1129933.84,112993384.00000001,463055.611,4.1,4.11,4.09,4.11,4.1,0.01,0.2439,1.0
20260413,4.1,4.12,4.09,4.11,4.11,0.0,0.0,934736.63,93473663.0,383449.216,4.1,4.12,4.09,4.11,4.11,0.0,0.0,1.0
20260414,4.12,4.14,4.09,4.12,4.11,0.01,0.2433,1072491.96,107249196.0,440464.518,4.12,4.14,4.09,4.12,4.11,0.01,0.2433,1.0
20260415,4.12,4.12,4.1,4.11,4.12,-0.01,-0.2427,910485.0,91048500.0,374056.689,4.12,4.12,4.1,4.11,4.12,-0.01,-0.2427,1.0
20260416,4.11,4.12,4.09,4.1,4.11,-0.01,-0.2433,974881.84,97488184.0,400023.872,4.11,4.12,4.09,4.1,4.11,-0.01,-0.2433,1.0
20260417,4.1,4.11,4.08,4.1,4.1,0.0,0.0,1352610.46,135261046.0,553590.578,4.1,4.11,4.08,4.1,4.1,0.0,0.0,1.0
20260420,4.1,4.1,4.08,4.09,4.1,-0.01,-0.2439,844777.74,84477774.0,345643.663,4.1,4.1,4.08,4.09,4.1,-0.01,-0.2439,1.0
20260421,4.1,4.13,4.08,4.12,4.09,0.03,0.7335,1402266.95,140226695.0,575559.363,4.1,4.13,4.08,4.12,4.09,0.03,0.7335,1.0
20260422,4.11,4.12,4.09,4.09,4.12,-0.03,-0.7282,1265759.28,126575928.0,518957.609,4.11,4.12,4.09,4.09,4.12,-0.03,-0.7282,1.0
20260423,4.1,4.16,4.09,4.15,4.09,0.06,1.467,2226690.4,222669040.0,918428.8,4.1,4.16,4.09,4.15,4.09,0.06,1.467,1.0
20260424,4.15,4.16,4.1,4.11,4.15,-0.04,-0.9639,1322656.54,132265654.0,544986.135,4.15,4.16,4.1,4.11,4.15,-0.04,-0.9639,1.0
20260427,4.1,4.11,4.09,4.1,4.11,-0.01,-0.2433,1036821.82,103682182.0,424987.442,4.1,4.11,4.09,4.1,4.11,-0.01,-0.2433,1.0
20260428,4.1,4.11,4.08,4.1,4.1,0.0,0.0,1260041.44,126004144.0,515514.819,4.1,4.11,4.08,4.1,4.1,0.0,0.0,1.0
20260429,4.09,4.11,4.08,4.1,4.1,0.0,0.0,980557.01,98055701.0,402027.776,4.09,4.11,4.08,4.1,4.1,0.0,0.0,1.0
20260430,4.08,4.1,4.07,4.09,4.1,-0.01,-0.2439,1379619.95,137961995.0,563554.075,4.08,4.1,4.07,4.09,4.1,-0.01,-0.2439,1.0
20260506,4.09,4.11,4.09,4.11,4.09,0.02,0.489,1189500.55,118950055.0,488018.879,4.09,4.11,4.09,4.11,4.09,0.02,0.489,1.0
20260507,4.11,4.15,4.1,4.13,4.11,0.02,0.4866,1929229.6,192922960.0,796526.267,4.11,4.15,4.1,4.13,4.11,0.02,0.4866,1.0
20260508,4.14,4.23,4.13,4.16,4.13,0.03,0.7264,2314031.48,231403148.0,966587.561,4.14,4.23,4.13,4.16,4.13,0.03,0.7264,1.0
20260511,4.19,4.2,4.15,4.17,4.16,0.01,0.2404,1977915.47,197791547.0,825636.813,4.19,4.2,4.15,4.17,4.16,0.01,0.2404,1.0
20260512,4.17,4.21,4.15,4.2,4.17,0.03,0.7194,2182256.3,218225629.99999997,913702.966,4.17,4.21,4.15,4.2,4.17,0.03,0.7194,1.0
20260513,4.19,4.29,4.18,4.26,4.2,0.06,1.4286,2908937.9,290893790.0,1236747.162,4.19,4.29,4.18,4.26,4.2,0.06,1.4286,1.0
20260514,4.26,4.28,4.15,4.16,4.26,-0.1,-2.3474,2523674.51,252367450.99999997,1063337.473,4.26,4.28,4.15,4.16,4.26,-0.1,-2.3474,1.0
20260515,4.15,4.16,4.11,4.11,4.16,-0.05,-1.2019,1870802.28,187080228.0,771997.767,4.15,4.16,4.11,4.11,4.16,-0.05,-1.2019,1.0
20260518,4.11,4.16,4.1,4.14,4.11,0.03,0.7299,1548695.74,154869574.0,639636.829,4.11,4.16,4.1,4.14,4.11,0.03,0.7299,1.0
20260519,4.13,4.22,4.12,4.2,4.14,0.06,1.4493,1845770.81,184577081.0,771614.192,4.13,4.22,4.12,4.2,4.14,0.06,1.4493,1.0
20260520,4.19,4.2,4.11,4.12,4.2,-0.08,-1.9048,1734234.19,173423419.0,716909.053,4.19,4.2,4.11,4.12,4.2,-0.08,-1.9048,1.0
20260521,4.12,4.15,4.08,4.09,4.12,-0.03,-0.7282,1610921.83,161092183.0,663395.811,4.12,4.15,4.08,4.09,4.12,-0.03,-0.7282,1.0
20260522,4.09,4.12,4.08,4.11,4.09,0.02,0.489,1113176.32,111317632.0,456546.814,4.09,4.12,4.08,4.11,4.09,0.02,0.489,1.0
20260525,4.11,4.13,4.1,4.12,4.11,0.01,0.2433,1026134.46,102613446.0,422233.615,4.11,4.13,4.1,4.12,4.11,0.01,0.2433,1.0
20260526,4.11,4.12,4.08,4.11,4.12,-0.01,-0.2427,1213017.65,121301764.99999999,496901.421,4.11,4.12,4.08,4.11,4.12,-0.01,-0.2427,1.0
20260527,4.1,4.1,4.08,4.08,4.11,-0.03,-0.7299,1345851.31,134585131.0,550012.781,4.1,4.1,4.08,4.08,4.11,-0.03,-0.7299,1.0
20260528,4.08,4.16,4.07,4.15,4.08,0.07,1.7157,2212612.55,221261254.99999997,912874.066,4.08,4.16,4.07,4.15,4.08,0.07,1.7157,1.0
20260529,4.14,4.2,4.12,4.17,4.15,0.02,0.4819,2918474.08,291847408.0,1218694.526,4.14,4.2,4.12,4.17,4.15,0.02,0.4819,1.0
20260601,4.25,4.43,4.25,4.38,4.17,0.21,5.036,6133770.27,613377027.0,2658467.127,4.25,4.43,4.25,4.38,4.17,0.21,5.036,1.0
20260602,4.33,4.37,4.27,4.32,4.38,-0.06,-1.3699,3303973.07,330397307.0,1427404.94,4.33,4.37,4.27,4.32,4.38,-0.06,-1.3699,1.0
20260603,4.29,4.32,4.22,4.29,4.32,-0.03,-0.6944,3071485.77,307148577.0,1311305.554,4.29,4.32,4.22,4.29,4.32,-0.03,-0.6944,1.0
20260604,4.27,4.35,4.25,4.3,4.29,0.01,0.2331,2324403.65,232440365.0,1001450.744,4.27,4.35,4.25,4.3,4.29,0.01,0.2331,1.0
20260605,4.31,4.34,4.18,4.21,4.3,-0.09,-2.093,2436827.33,243682733.0,1034088.967,4.31,4.34,4.18,4.21,4.3,-0.09,-2.093,1.0
20260608,4.17,4.18,4.1,4.12,4.21,-0.09,-2.1378,2034715.38,203471538.0,840393.978,4.17,4.18,4.1,4.12,4.21,-0.09,-2.1378,1.0
20260609,4.12,4.14,4.09,4.13,4.12,0.01,0.2427,1377928.22,137792822.0,567154.896,4.12,4.14,4.09,4.13,4.12,0.01,0.2427,1.0
20260610,4.11,4.13,4.09,4.11,4.13,-0.02,-0.4843,1331339.27,133133927.0,547162.507,4.11,4.13,4.09,4.11,4.13,-0.02,-0.4843,1.0
20260611,4.1,4.21,4.1,4.16,4.11,0.05,1.2165,2469896.03,246989602.99999997,1027704.524,4.1,4.21,4.1,4.16,4.11,0.05,1.2165,1.0
20260612,4.15,4.27,4.15,4.18,4.16,0.02,0.4808,4180305.51,418030551.0,1765454.391,4.15,4.27,4.15,4.18,4.16,0.02,0.4808,1.0
20260615,4.2,4.26,4.17,4.18,4.18,0.0,0.0,2150499.46,215049946.0,905928.32,4.2,4.26,4.17,4.18,4.18,0.0,0.0,1.0
20260616,4.17,4.21,4.11,4.12,4.18,-0.06,-1.4354,1738115.78,173811578.0,721309.804,4.17,4.21,4.11,4.12,4.18,-0.06,-1.4354,1.0
20260617,4.12,4.13,4.1,4.13,4.12,0.01,0.2427,1341202.19,134120219.0,551828.449,4.12,4.13,4.1,4.13,4.12,0.01,0.2427,1.0
20260618,4.12,4.12,4.07,4.07,4.13,-0.06,-1.4528,2342017.33,234201733.0,956742.403,4.12,4.12,4.07,4.07,4.13,-0.06,-1.4528,1.0
20260622,4.07,4.08,3.96,4.04,4.07,-0.03,-0.7371,2133095.21,213309521.0,854685.832,4.07,4.08,3.96,4.04,4.07,-0.03,-0.7371,1.0
20260623,4.02,4.06,3.99,4.0,4.04,-0.04,-0.9901,1223412.34,122341234.00000001,491515.11,4.02,4.06,3.99,4.0,4.04,-0.04,-0.9901,1.0
20260624,4.0,4.0,3.92,3.92,4.0,-0.08,-2.0,1511626.97,151162697.0,597221.586,4.0,4.0,3.92,3.92,4.0,-0.08,-2.0,1.0
20260625,3.89,3.9,3.75,3.75,3.92,-0.17,-4.3367,2151402.4,215140240.0,814071.927,3.89,3.9,3.75,3.75,3.92,-0.17,-4.3367,1.0
20260626,3.77,3.81,3.75,3.78,3.75,0.03,0.8,1460270.14,146027014.0,552393.958,3.77,3.81,3.75,3.78,3.75,0.03,0.8,1.0
20260629,3.78,3.78,3.65,3.73,3.78,-0.05,-1.3228,1328111.12,132811112.00000001,493124.963,3.78,3.78,3.65,3.73,3.78,-0.05,-1.3228,1.0
20260630,3.72,3.73,3.68,3.71,3.73,-0.02,-0.5362,1091825.99,109182599.0,403968.539,3.72,3.73,3.68,3.71,3.73,-0.02,-0.5362,1.0
20260701,3.7,3.76,3.69,3.76,3.71,0.05,1.3477,1013986.69,101398669.0,378386.429,3.7,3.76,3.69,3.76,3.71,0.05,1.3477,1.0
20260702,3.76,3.81,3.74,3.76,3.76,0.0,0.0,1110728.55,111072855.0,418619.434,3.76,3.81,3.74,3.76,3.76,0.0,0.0,1.0
20260703,3.76,3.79,3.74,3.77,3.76,0.01,0.266,829619.0,82961900.0,312241.356,3.76,3.79,3.74,3.77,3.76,0.01,0.266,1.0
