date,close,high,low,upper_channel,lower_channel_exit,atr,atr_pct,signal,position,strategy_return,strategy_cum_return,strategy_nav,benchmark_return,benchmark_cum_return,benchmark_nav,drawdown,benchmark_drawdown
20250704,10.87,11.0,10.8,,,,,0,0,0.0,0.0,100000.0,0.0,0.0,100000.0,0.0,0.0
20250707,11.07,11.07,10.74,,,,,0,0,0.0,0.0,100000.0,0.01839926402943881,0.01839926402943881,101839.92640294388,0.0,0.0
20250708,11.23,11.47,11.0,,,,,0,0,0.0,0.0,100000.0,0.014453477868112019,0.03311867525298995,103311.86752529899,0.0,0.0
20250709,11.15,11.23,11.03,,,,,0,0,-0.0,0.0,100000.0,-0.007123775601068583,0.02575896964121438,102575.89696412144,0.0,-0.007123775601068607
20250710,11.08,11.21,11.01,,,,,0,0,-0.0,0.0,100000.0,-0.00627802690582957,0.01931922723091084,101931.92272309109,0.0,-0.013357079252003462
20250711,11.6,11.65,11.06,,,,,0,0,0.0,0.0,100000.0,0.04693140794223827,0.0671573137074517,106715.73137074517,0.0,0.0
20250714,11.56,11.75,11.46,,,,,0,0,-0.0,0.0,100000.0,-0.0034482758620688614,0.06347746090156403,106347.7460901564,0.0,-0.003448275862068849
20250715,11.26,11.59,11.15,,,,,0,0,-0.0,0.0,100000.0,-0.02595155709342567,0.035878564857405815,103587.85648574059,0.0,-0.029310344827586033
20250716,11.21,11.44,11.16,,,,,0,0,-0.0,0.0,100000.0,-0.00444049733570151,0.03127874885004611,103127.87488500461,0.0,-0.0336206896551723
20250717,11.11,11.23,11.03,,,,,0,0,-0.0,0.0,100000.0,-0.008920606601249048,0.022079116835326484,102207.91168353264,0.0,-0.04224137931034497
20250718,11.04,11.19,10.94,,10.74,,,0,0,-0.0,0.0,100000.0,-0.006300630063006296,0.015639374425022945,101563.9374425023,0.0,-0.048275862068965524
20250721,11.24,11.35,11.02,,10.74,,,0,0,0.0,0.0,100000.0,0.018115942028985588,0.034038638454461756,103403.86384544618,0.0,-0.03103448275862073
20250722,11.59,11.95,11.22,,10.94,,,0,0,0.0,0.0,100000.0,0.03113879003558706,0.06623735050597945,106623.73505059794,0.0,-0.0008620689655175532
20250723,11.56,11.98,11.51,,10.94,,,0,0,-0.0,0.0,100000.0,-0.0025884383088868868,0.06347746090156381,106347.74609015638,0.0,-0.0034482758620691216
20250724,11.75,11.75,11.46,,10.94,,,0,0,0.0,0.0,100000.0,0.016435986159169413,0.08095676172953059,108095.67617295306,0.0,0.0
20250725,12.53,12.68,11.7,,10.94,,,0,0,0.0,0.0,100000.0,0.06638297872340426,0.152713891444342,115271.3891444342,0.0,0.0
20250728,13.78,13.78,12.6,,10.94,,,0,0,0.0,0.0,100000.0,0.09976057462090981,0.26770929162833457,126770.92916283346,0.0,0.0
20250729,13.8,15.16,13.68,,10.94,,,0,0,0.0,0.0,100000.0,0.0014513788098695635,0.2695492180312786,126954.92180312786,0.0,0.0
20250730,13.05,13.78,12.97,,10.94,,,0,0,-0.0,0.0,100000.0,-0.05434782608695654,0.20055197792088308,120055.19779208831,0.0,-0.054347826086956465
20250731,13.73,13.88,13.1,,10.94,0.532,3.8747268754552073,0,0,0.0,0.0,100000.0,0.0521072796934865,0.26310947562097486,126310.94756209748,0.0,-0.005072463768116058
20250801,13.81,14.09,13.66,15.16,10.94,0.5435000000000001,3.9355539464156415,0,0,0.0,0.0,100000.0,0.0058266569555718295,0.27046918123275043,127046.91812327504,0.0,0.0
20250804,13.72,13.84,13.2,15.16,11.02,0.559,4.074344023323615,0,0,-0.0,0.0,100000.0,-0.00651701665459814,0.26218951241950283,126218.95124195029,0.0,-0.006517016654598184
20250805,13.73,13.98,13.51,15.16,11.22,0.559,4.0713765477057535,0,0,0.0,0.0,100000.0,0.0007288629737609575,0.26310947562097486,126310.94756209748,0.0,-0.0057929036929761386
20250806,14.15,14.18,13.71,15.16,11.46,0.5725,4.045936395759718,0,0,0.0,0.0,100000.0,0.030589949016751605,0.3017479300827963,130174.79300827964,0.0,0.0
20250807,12.74,15.48,12.74,15.16,11.46,0.6994999999999999,5.490580847723704,0,0,-0.0,0.0,100000.0,-0.09964664310954063,0.17203311867525262,117203.31186752526,0.0,-0.0996466431095407
20250808,11.48,12.25,11.47,15.48,11.7,0.7334999999999999,6.38937282229965,0,0,-0.0,0.0,100000.0,-0.09890109890109888,0.05611775528978802,105611.7755289788,0.0,-0.18869257950530044
20250811,11.52,11.67,11.27,15.48,11.47,0.739,6.414930555555556,0,0,0.0,0.0,100000.0,0.0034843205574912606,0.05979760809567569,105979.76080956757,0.0,-0.18586572438162563
20250812,11.3,11.5,11.12,15.48,11.27,0.737,6.522123893805309,0,0,-0.0,0.0,100000.0,-0.0190972222222221,0.039558417663293044,103955.84176632931,0.0,-0.20141342756183755
20250813,11.12,11.34,11.09,15.48,11.12,0.7355,6.614208633093526,0,0,-0.0,0.0,100000.0,-0.01592920353982319,0.022999080036797848,102299.90800367978,0.0,-0.21413427561837492
20250814,10.83,11.12,10.81,15.48,11.09,0.7409999999999999,6.842105263157894,0,0,-0.0,0.0,100000.0,-0.02607913669064743,-0.0036798528058883395,99632.01471941116,0.0,-0.23462897526501794
20250815,10.74,10.89,10.67,15.48,10.81,0.7394999999999999,6.8854748603351945,0,0,-0.0,0.0,100000.0,-0.008310249307479256,-0.011959521619135827,98804.04783808642,0.0,-0.24098939929328644
20250818,10.93,10.99,10.8,15.48,10.67,0.7354999999999999,6.7291857273559,0,0,0.0,0.0,100000.0,0.017690875232774683,0.005519779208831066,100551.9779208831,0.0,-0.22756183745583067
20250819,10.9,11.08,10.83,15.48,10.67,0.7115,6.5275229357798175,0,0,-0.0,0.0,100000.0,-0.0027447392497712553,0.0027598896044152,100275.98896044152,0.0,-0.22968197879858684
20250820,10.8,10.97,10.6,15.48,10.67,0.7065,6.541666666666666,0,0,-0.0,0.0,100000.0,-0.00917431192660545,-0.006439742410304206,99356.02575896958,0.0,-0.23674911660777412
20250821,10.91,10.95,10.76,15.48,10.6,0.7015,6.429880843263061,0,0,0.0,0.0,100000.0,0.010185185185185075,0.0036798528058870072,100367.9852805887,0.0,-0.2289752650176682
20250822,10.88,10.91,10.75,15.48,10.6,0.6605000000000001,6.07077205882353,0,0,-0.0,0.0,100000.0,-0.00274977085242889,0.0009199632014713632,100091.99632014714,0.0,-0.23109540636042425
20250825,11.97,11.97,11.51,15.48,10.6,0.6525000000000001,5.451127819548873,0,0,0.0,0.0,100000.0,0.10018382352941169,0.1011959521619128,110119.59521619129,0.0,-0.15406360424028298
20250826,12.3,12.38,11.8,15.48,10.6,0.6075,4.939024390243903,0,0,0.0,0.0,100000.0,0.027568922305764465,0.13155473781048688,113155.47378104868,0.0,-0.130742049469965
20250827,11.6,12.2,11.59,15.48,10.6,0.6015,5.185344827586207,0,0,-0.0,0.0,100000.0,-0.056910569105691144,0.06715731370745104,106715.73137074511,0.0,-0.18021201413427587
20250828,11.24,11.66,10.84,15.48,10.6,0.6010000000000001,5.346975088967972,0,0,-0.0,0.0,100000.0,-0.03103448275862064,0.03403863845446131,103403.86384544613,0.0,-0.20565371024735002
20250829,11.68,11.75,11.07,15.48,10.6,0.6135,5.252568493150686,0,0,0.0,0.0,100000.0,0.039145907473309594,0.07451701931922661,107451.70193192267,0.0,-0.17455830388692603
20250901,11.44,11.62,11.4,15.48,10.6,0.5955,5.205419580419581,0,0,-0.0,0.0,100000.0,-0.020547945205479423,0.05243790248390012,105243.79024839001,0.0,-0.19151943462897547
20250902,11.13,11.4,10.95,15.48,10.6,0.5965,5.359389038634321,0,0,-0.0,0.0,100000.0,-0.02709790209790197,0.0239190432382701,102391.90432382701,0.0,-0.21342756183745593
20250903,10.82,11.22,10.8,15.48,10.6,0.5940000000000001,5.489833641404807,0,0,-0.0,0.0,100000.0,-0.02785265049415997,-0.004599816007360147,99540.01839926398,0.0,-0.2353356890459366
20250904,10.44,10.88,10.3,15.48,10.75,0.48600000000000004,4.655172413793104,0,0,-0.0,0.0,100000.0,-0.03512014787430695,-0.03955841766329404,96044.15823367059,0.0,-0.2621908127208484
20250905,10.6,10.63,10.32,12.38,10.3,0.43800000000000006,4.132075471698114,0,0,0.0,0.0,100000.0,0.015325670498084198,-0.024839006439743128,97516.09935602569,0.0,-0.25088339222614875
20250908,10.77,10.79,10.61,12.38,10.3,0.42750000000000005,3.9693593314763236,0,0,0.0,0.0,100000.0,0.016037735849056656,-0.009199632014720072,99080.03679852799,0.0,-0.2388692579505304
20250909,10.98,11.08,10.72,12.38,10.3,0.4255,3.8752276867030964,0,0,0.0,0.0,100000.0,0.019498607242339983,0.010119595216190769,101011.95952161908,0.0,-0.224028268551237
20250910,10.96,11.11,10.88,12.38,10.3,0.42449999999999993,3.873175182481751,0,0,-0.0,0.0,100000.0,-0.0018214936247722413,0.008279668813246932,100827.9668813247,0.0,-0.2254416961130744
20250911,11.0,11.02,10.75,12.38,10.3,0.4225,3.840909090909091,0,0,0.0,0.0,100000.0,0.0036496350364962904,0.011959521619134605,101195.95216191346,0.0,-0.22261484098939957
20250912,10.86,11.06,10.84,12.38,10.3,0.4225,3.8904235727440146,0,0,-0.0,0.0,100000.0,-0.01272727272727281,-0.0009199632014726955,99908.00367985273,0.0,-0.2325088339222619
20250915,10.71,10.85,10.64,12.38,10.3,0.42099999999999993,3.9309056956115773,0,0,-0.0,0.0,100000.0,-0.013812154696132506,-0.014719411223551693,98528.05887764483,0.0,-0.24310954063604273
20250916,10.98,11.02,10.7,12.38,10.3,0.42449999999999993,3.8661202185792347,0,0,0.0,0.0,100000.0,0.025210084033613356,0.010119595216190547,101011.95952161905,0.0,-0.22402826855123723
20250917,10.92,11.05,10.88,12.38,10.3,0.41449999999999987,3.7957875457875447,0,0,-0.0,0.0,100000.0,-0.005464480874316946,0.004599816007358815,100459.98160073587,0.0,-0.22826855123674966
20250918,10.7,10.97,10.65,12.38,10.3,0.42099999999999993,3.9345794392523357,0,0,-0.0,0.0,100000.0,-0.020146520146520186,-0.015639374425023944,98436.0625574976,0.0,-0.24381625441696173
20250919,10.63,10.77,10.59,12.38,10.32,0.4219999999999999,3.969896519285041,0,0,-0.0,0.0,100000.0,-0.0065420560747662115,-0.022079116835327373,97792.08831646726,0.0,-0.2487632508833927
20250922,10.44,10.63,10.4,12.38,10.59,0.3789999999999999,3.6302681992337154,0,0,-0.0,0.0,100000.0,-0.01787394167450629,-0.039558417663294376,96044.15823367056,0.0,-0.2621908127208486
20250923,10.19,10.48,9.99,12.38,10.4,0.37449999999999994,3.6751717369970556,0,0,-0.0,0.0,100000.0,-0.023946360153256685,-0.06255749770009289,93744.2502299907,0.0,-0.2798586572438168
20250924,10.58,10.6,10.15,12.2,9.99,0.3614999999999998,3.416824196597352,0,0,0.0,0.0,100000.0,0.03827281648675185,-0.026678932842687075,97332.1067157313,0.0,-0.2522968197879863
20250925,10.47,10.65,10.43,11.75,9.99,0.33149999999999985,3.16618911174785,0,0,-0.0,0.0,100000.0,-0.010396975425330801,-0.0367985280588784,96320.14719411216,0.0,-0.2600706713780923
20250926,10.47,10.57,10.34,11.75,9.99,0.3089999999999999,2.951289398280801,0,0,0.0,0.0,100000.0,0.0,-0.0367985280588784,96320.14719411216,0.0,-0.2600706713780923
20250929,10.52,10.55,10.25,11.62,9.99,0.30999999999999994,2.9467680608365012,0,0,0.0,0.0,100000.0,0.0047755491881564804,-0.03219871205151881,96780.12879484812,0.0,-0.2565371024734987
20250930,10.62,10.65,10.48,11.4,9.99,0.29399999999999993,2.7683615819209035,0,0,0.0,0.0,100000.0,0.009505703422053147,-0.022999080036799513,97700.09199632004,0.0,-0.24946996466431157
20251009,10.51,10.76,10.42,11.22,9.99,0.2899999999999999,2.7592768791627016,0,0,-0.0,0.0,100000.0,-0.010357815442561202,-0.03311867525299084,96688.13247470092,0.0,-0.2572438162544175
20251010,10.69,10.73,10.45,11.11,9.99,0.275,2.572497661365763,0,0,0.0,0.0,100000.0,0.01712654614652709,-0.016559337626495974,98344.0662373504,0.0,-0.24452296819788047
20251013,10.61,10.62,10.05,11.11,9.99,0.2914999999999999,2.7474081055607913,0,0,-0.0,0.0,100000.0,-0.007483629560336769,-0.023919043238271542,97608.09567617284,0.0,-0.25017667844523034
20251014,10.55,10.72,10.47,11.11,9.99,0.29449999999999993,2.7914691943127954,0,0,-0.0,0.0,100000.0,-0.005655042412818001,-0.029438822447103052,97056.1177552897,0.0,-0.2544169611307426
20251015,11.0,11.02,10.51,11.11,9.99,0.30199999999999994,2.745454545454545,0,0,0.0,0.0,100000.0,0.04265402843601884,0.011959521619134161,101195.95216191342,0.0,-0.22261484098939993
20251016,10.76,11.24,10.69,11.11,10.05,0.31800000000000006,2.9553903345724915,0,0,-0.0,0.0,100000.0,-0.021818181818181848,-0.010119595216192434,98988.04047838076,0.0,-0.23957597173144937
20251017,10.64,10.88,10.6,11.24,10.05,0.3185000000000001,2.99342105263158,0,0,-0.0,0.0,100000.0,-0.011152416356877248,-0.021159153633855676,97884.08463661443,0.0,-0.24805653710247416
20251020,10.71,10.71,10.55,11.24,10.05,0.3155000000000001,2.945845004668535,0,0,0.0,0.0,100000.0,0.006578947368421018,-0.014719411223552137,98528.05887764478,0.0,-0.24310954063604306
20251021,10.9,10.9,10.64,11.24,10.05,0.31750000000000017,2.9128440366972495,0,0,0.0,0.0,100000.0,0.017740429505135324,0.002759889604414756,100275.98896044148,0.0,-0.22968197879858718
20251022,10.94,11.05,10.83,11.24,10.05,0.31250000000000017,2.8564899451553947,0,0,0.0,0.0,100000.0,0.003669724770642091,0.006439742410302429,100643.97424103024,0.0,-0.22685512367491237
20251023,11.06,11.06,10.84,11.24,10.05,0.3150000000000002,2.8481012658227867,0,0,0.0,0.0,100000.0,0.010968921389396868,0.017479300827965893,101747.93008279659,0.0,-0.21837455830388747
20251024,11.21,11.28,11.0,11.24,10.05,0.31300000000000017,2.7921498661909023,0,0,0.0,0.0,100000.0,0.013562386980108476,0.031278748850045,103127.8748850045,0.0,-0.20777385159010664
20251027,10.77,10.95,10.7,11.28,10.05,0.32950000000000024,3.0594243268338,0,0,-0.0,0.0,100000.0,-0.039250669045495234,-0.009199632014720516,99080.03679852794,0.0,-0.23886925795053074
20251028,10.74,10.95,10.71,11.28,10.47,0.3300000000000002,3.072625698324024,0,0,-0.0,0.0,100000.0,-0.0027855153203342198,-0.01195952161913627,98804.04783808638,0.0,-0.24098939929328678
20251029,10.51,10.78,10.38,11.28,10.51,0.32550000000000007,3.097050428163654,0,0,-0.0,0.0,100000.0,-0.02141527001862198,-0.03311867525299095,96688.1324747009,0.0,-0.2572438162544176
20251030,10.39,10.59,10.38,11.28,10.38,0.31350000000000006,3.0173243503368625,0,0,-0.0,0.0,100000.0,-0.011417697431018059,-0.04415823367065419,95584.17663293458,0.0,-0.26572438162544226
20251031,10.7,10.77,10.38,11.28,10.38,0.32199999999999995,3.009345794392523,0,0,0.0,0.0,100000.0,0.02983638113570719,-0.015639374425024277,98436.06255749757,0.0,-0.24381625441696195
20251103,10.93,10.95,10.64,11.28,10.38,0.3259999999999999,2.9826166514181143,0,0,0.0,0.0,100000.0,0.021495327102803774,0.0055197792088304,100551.97792088304,0.0,-0.22756183745583114
20251104,10.87,10.97,10.8,11.28,10.38,0.31949999999999984,2.9392824287028505,0,0,-0.0,0.0,100000.0,-0.005489478499542622,-1.3322676295501878e-15,99999.99999999987,0.0,-0.23180212014134358
20251105,10.84,10.92,10.74,11.28,10.38,0.31999999999999984,2.9520295202952016,0,0,-0.0,0.0,100000.0,-0.002759889604415755,-0.0027598896044170873,99724.01103955829,0.0,-0.23392226148409975
20251106,10.98,10.99,10.73,11.28,10.38,0.31599999999999984,2.8779599271402536,0,0,0.0,0.0,100000.0,0.012915129151291671,0.010119595216190325,101011.95952161904,0.0,-0.22402826855123734
20251107,10.86,11.16,10.82,11.28,10.38,0.3189999999999998,2.9373848987108637,0,0,-0.0,0.0,100000.0,-0.010928961748634003,-0.0009199632014730286,99908.0036798527,0.0,-0.23250883392226213
20251110,11.38,11.39,10.87,11.28,10.38,0.3134999999999999,2.7548330404217913,1,1,0.0,0.0,100000.0,0.047882136279926435,0.04691812327506795,104691.81232750679,0.0,-0.19575971731448827
20251111,11.53,11.8,11.2,11.39,10.38,0.33099999999999996,2.870771899392888,0,1,0.013181019332161537,0.013181019332161537,101318.10193321615,0.013181019332161537,0.06071757129714683,106071.75712971468,0.0,-0.18515901060070752
20251112,11.5,11.68,11.35,11.8,10.38,0.32199999999999995,2.8,0,1,-0.002601908065914982,0.010544815465729274,101054.48154657293,-0.002601908065914982,0.05795768169273097,105795.7681692731,-0.0026019080659148573,-0.1872791519434637
20251113,11.64,11.75,11.4,11.8,10.38,0.31199999999999994,2.68041237113402,0,1,0.012173913043478368,0.02284710017574687,102284.71001757469,0.012173913043478368,0.07083716651333827,107083.71665133383,0.0,-0.1773851590106014
20251114,11.54,11.76,11.52,11.8,10.38,0.3099999999999999,2.686308492201039,0,1,-0.0085910652920963,0.014059753954305698,101405.97539543056,-0.0085910652920963,0.06163753449861886,106163.75344986189,-0.00859106529209635,-0.18445229681978867
20251117,11.74,11.98,11.56,11.8,10.64,0.32399999999999995,2.7597955706984663,0,1,0.017331022530329365,0.03163444639718804,103163.4446397188,0.017331022530329365,0.08003679852805767,108003.67985280577,0.0,-0.17031802120141412
20251118,11.48,11.86,11.41,11.98,10.73,0.3334999999999999,2.9050522648083614,0,1,-0.022146507666098825,0.008787346221441172,100878.73462214411,-0.022146507666098825,0.05611775528978713,105611.77552897872,-0.022146507666098776,-0.1886925795053011
20251119,11.27,11.67,11.25,11.98,10.73,0.34349999999999986,3.047914818101152,0,1,-0.018292682926829396,-0.009666080843585334,99033.39191564146,-0.018292682926829396,0.03679852805887629,103679.85280588763,-0.04003407155025562,-0.2035335689045945
20251120,11.25,11.43,11.13,11.98,10.73,0.3474999999999998,3.0888888888888872,0,1,-0.0017746228926353025,-0.011423550087873546,98857.64499121264,-0.0017746228926353025,0.03495860165593245,103495.86016559324,-0.04173764906303245,-0.2049469964664319
20251121,10.67,11.39,10.65,11.98,10.82,0.37049999999999983,3.4723523898781616,-1,0,-0.05155555555555558,-0.062390158172232035,93760.9841827768,-0.05155555555555558,-0.018399264029440032,98160.07359705599,-0.09114139693356049,-0.2459363957597181
20251124,10.74,10.95,10.62,11.98,10.65,0.36149999999999977,3.365921787709495,0,0,0.0,-0.062390158172232035,93760.9841827768,0.006560449859418949,-0.011959521619136382,98804.04783808636,-0.09114139693356049,-0.2409893992932869
20251125,11.13,11.23,10.8,11.98,10.62,0.37399999999999983,3.3602875112309056,0,0,0.0,-0.062390158172232035,93760.9841827768,0.036312849162011274,0.023919043238269433,102391.90432382694,-0.09114139693356049,-0.21342756183745648
20251126,10.95,11.3,10.93,11.98,10.62,0.37249999999999994,3.4018264840182644,0,0,-0.0,-0.062390158172232035,93760.9841827768,-0.016172506738544645,0.0073597056117742365,100735.97056117743,-0.09114139693356049,-0.2261484098939937
20251127,10.83,11.11,10.81,11.98,10.62,0.37699999999999995,3.4810710987996303,0,0,-0.0,-0.062390158172232035,93760.9841827768,-0.010958904109588996,-0.0036798528058890057,99632.0147194111,-0.09114139693356049,-0.23462897526501839
20251128,11.0,11.0,10.72,11.98,10.62,0.3715,3.3772727272727274,0,0,0.0,-0.062390158172232035,93760.9841827768,0.015697137580794163,0.01195952161913394,101195.95216191339,-0.09114139693356049,-0.22261484098940015
20251201,10.92,11.07,10.88,11.98,10.62,0.36550000000000005,3.3470695970695976,0,0,-0.0,-0.062390158172232035,93760.9841827768,-0.0072727272727273196,0.0045998160073583705,100459.98160073583,-0.09114139693356049,-0.22826855123675
20251202,10.77,10.92,10.66,11.98,10.62,0.37,3.435468895078923,0,0,-0.0,-0.062390158172232035,93760.9841827768,-0.013736263736263798,-0.009199632014720738,99080.03679852793,-0.09114139693356049,-0.23886925795053085
20251203,10.64,10.87,10.58,11.98,10.62,0.3755,3.5291353383458643,0,0,-0.0,-0.062390158172232035,93760.9841827768,-0.01207056638811499,-0.021159153633855787,97884.08463661443,-0.09114139693356049,-0.24805653710247416
20251204,10.34,10.64,10.3,11.98,10.58,0.3795,3.6702127659574466,0,0,-0.0,-0.062390158172232035,93760.9841827768,-0.02819548872180455,-0.048758049678014004,95124.1950321986,-0.09114139693356049,-0.2692579505300361
20251205,10.36,10.44,10.24,11.98,10.3,0.37249999999999994,3.5955598455598454,0,0,0.0,-0.062390158172232035,93760.9841827768,0.0019342359767891004,-0.04691812327507017,95308.18767249299,-0.09114139693356049,-0.26784452296819855
20251208,10.47,10.49,10.35,11.98,10.24,0.3529999999999999,3.3715377268385853,0,0,0.0,-0.062390158172232035,93760.9841827768,0.010617760617760652,-0.03679852805887884,96320.14719411211,-0.09114139693356049,-0.26007067137809264
20251209,10.36,10.51,10.31,11.98,10.24,0.33299999999999985,3.214285714285713,0,0,-0.0,-0.062390158172232035,93760.9841827768,-0.010506208213944768,-0.04691812327507039,95308.18767249296,-0.09114139693356049,-0.2678445229681988
20251210,10.71,10.71,10.27,11.98,10.24,0.3384999999999999,3.1605975723622772,0,0,0.0,-0.062390158172232035,93760.9841827768,0.033783783783783994,-0.014719411223552248,98528.05887764477,-0.09114139693356049,-0.24310954063604318
20251211,10.28,10.84,10.26,11.98,10.24,0.3499999999999999,3.404669260700389,0,0,-0.0,-0.062390158172232035,93760.9841827768,-0.04014939309056975,-0.05427782888684585,94572.21711131542,-0.09114139693356049,-0.2734982332155485
20251212,10.15,10.44,10.08,11.98,10.24,0.35599999999999987,3.5073891625615747,0,0,-0.0,-0.062390158172232035,93760.9841827768,-0.012645914396887115,-0.06623735050598101,93376.2649494019,-0.09114139693356049,-0.28268551236749195
20251215,10.13,10.24,9.99,11.98,10.08,0.3464999999999998,3.420533070088843,0,0,-0.0,-0.062390158172232035,93760.9841827768,-0.0019704433497536034,-0.06807727690892484,93192.27230910752,-0.09114139693356049,-0.2840989399293294
20251216,9.88,10.24,9.81,11.86,9.99,0.3454999999999998,3.496963562753034,0,0,-0.0,-0.062390158172232035,93760.9841827768,-0.024679170779861814,-0.09107635694572336,90892.36430542766,-0.09114139693356049,-0.3017667844522976
20251217,9.86,9.9,9.62,11.67,9.81,0.3384999999999999,3.433062880324543,0,0,-0.0,-0.062390158172232035,93760.9841827768,-0.002024291497975894,-0.09291628334866742,90708.37166513327,-0.09114139693356049,-0.3031802120141351
20251218,9.97,10.15,9.76,11.43,9.62,0.34299999999999997,3.4403209628886655,0,0,0.0,-0.062390158172232035,93760.9841827768,0.011156186612576224,-0.08279668813247598,91720.3311867524,-0.09114139693356049,-0.29540636042402907
20251219,10.29,10.3,9.9,11.39,9.62,0.32599999999999996,3.1681243926141884,0,0,0.0,-0.062390158172232035,93760.9841827768,0.032096288866599654,-0.05335786568537404,94664.2134314626,-0.09114139693356049,-0.27279151943462987
20251222,10.15,10.34,10.15,11.3,9.62,0.31899999999999995,3.1428571428571423,0,0,-0.0,-0.062390158172232035,93760.9841827768,-0.013605442176870652,-0.06623735050598112,93376.26494940188,-0.09114139693356049,-0.28268551236749206
20251223,10.03,10.18,9.95,11.3,9.62,0.30599999999999994,3.050847457627118,0,0,-0.0,-0.062390158172232035,93760.9841827768,-0.011822660098522286,-0.07727690892364447,92272.30910763555,-0.09114139693356049,-0.2911660777385168
20251224,10.16,10.21,9.95,11.3,9.62,0.3005,2.9576771653543306,0,0,0.0,-0.062390158172232035,93760.9841827768,0.012961116650049842,-0.06531738730450931,93468.26126954907,-0.09114139693356049,-0.28197879858657343
20251225,10.19,10.25,10.09,11.11,9.62,0.29350000000000004,2.88027477919529,0,0,0.0,-0.062390158172232035,93760.9841827768,0.0029527559055118058,-0.06255749770009345,93744.25022999065,-0.09114139693356049,-0.27985865724381725
20251226,10.08,10.24,10.08,11.07,9.62,0.2875000000000001,2.8521825396825404,0,0,-0.0,-0.062390158172232035,93760.9841827768,-0.01079489695780167,-0.07267709291628466,92732.29070837154,-0.09114139693356049,-0.28763250883392305
20251229,10.1,10.22,10.03,11.07,9.62,0.2875000000000002,2.8465346534653486,0,0,0.0,-0.062390158172232035,93760.9841827768,0.001984126984126977,-0.07083716651334082,92916.28334866592,-0.09114139693356049,-0.2862190812720856
20251230,10.04,10.15,9.99,10.92,9.62,0.2825000000000002,2.813745019920321,0,0,-0.0,-0.062390158172232035,93760.9841827768,-0.005940594059405946,-0.07635694572217244,92364.30542778276,-0.09114139693356049,-0.29045936395759797
20251231,10.18,10.2,9.93,10.87,9.62,0.2815000000000002,2.7652259332023594,0,0,0.0,-0.062390158172232035,93760.9841827768,0.013944223107569709,-0.06347746090156525,93652.25390984348,-0.09114139693356049,-0.2805653710247358
20260105,10.26,10.34,10.02,10.84,9.76,0.28050000000000025,2.7339181286549734,0,0,0.0,-0.062390158172232035,93760.9841827768,0.007858546168958647,-0.056117755289789795,94388.22447102102,-0.09114139693356049,-0.27491166077738605
20260106,10.29,10.47,10.21,10.84,9.9,0.28350000000000025,2.755102040816329,0,0,0.0,-0.062390158172232035,93760.9841827768,0.0029239766081869956,-0.05335786568537415,94664.21343146259,-0.09114139693356049,-0.27279151943463
20260107,10.08,10.35,10.07,10.84,9.93,0.2905000000000002,2.8819444444444464,0,0,-0.0,-0.062390158172232035,93760.9841827768,-0.020408163265306034,-0.07267709291628477,92732.29070837153,-0.09114139693356049,-0.28763250883392316
20260108,10.3,10.3,10.08,10.84,9.93,0.29150000000000026,2.830097087378643,0,0,0.0,-0.062390158172232035,93760.9841827768,0.02182539682539697,-0.05243790248390201,94756.2097516098,-0.09114139693356049,-0.2720848056537111
20260109,10.51,10.59,10.18,10.84,9.93,0.2900000000000002,2.7592768791627043,0,0,0.0,-0.062390158172232035,93760.9841827768,0.02038834951456292,-0.0331186752529915,96688.13247470085,-0.09114139693356049,-0.25724381625441806
20260112,10.63,10.73,10.43,10.84,9.93,0.27600000000000025,2.596425211665101,0,0,0.0,-0.062390158172232035,93760.9841827768,0.011417697431018281,-0.02207911683532804,97792.0883164672,-0.09114139693356049,-0.24876325088339316
20260113,10.64,10.79,10.6,10.73,9.93,0.26750000000000024,2.5140977443609045,0,0,0.0,-0.062390158172232035,93760.9841827768,0.0009407337723423836,-0.02115915363385612,97884.08463661438,-0.09114139693356049,-0.2480565371024745
20260114,10.86,11.2,10.6,10.79,9.93,0.28500000000000025,2.6243093922651957,1,1,0.0,-0.062390158172232035,93760.9841827768,0.020676691729323293,-0.0009199632014734727,99908.00367985266,-0.09114139693356049,-0.23250883392226246
20260115,10.64,10.85,10.58,11.2,9.93,0.2775000000000002,2.6080827067669192,0,1,-0.02025782688766109,-0.08138409603614627,91861.59039638538,-0.02025782688766109,-0.02115915363385612,97884.08463661438,-0.10955289717984187,-0.2480565371024745
20260116,10.5,10.71,10.33,11.2,9.93,0.2825000000000002,2.6904761904761925,0,1,-0.013157894736842146,-0.09347114740409179,90652.88525959082,-0.013157894736842146,-0.03403863845446331,96596.13615455366,-0.12126930642747562,-0.2579505300353367
20260119,10.49,10.58,10.41,11.2,10.02,0.2715000000000002,2.588179218303148,0,1,-0.0009523809523809268,-0.09433450821608791,90566.54917839121,-0.0009523809523809268,-0.03495860165593523,96504.13983440648,-0.12210619280230658,-0.2586572438162553
20260120,11.54,11.54,10.51,11.2,10.07,0.3040000000000001,2.634315424610053,0,1,0.100095328884652,-0.0036816229564970993,99631.83770435028,0.100095328884652,0.06163753449861842,106163.75344986185,-0.034233123445054275,-0.184452296819789
20260121,11.2,11.49,11.05,11.54,10.07,0.31900000000000006,2.8482142857142865,0,1,-0.029462738301559765,-0.03303589056436462,96696.41094356353,-0.029462738301559765,0.030358785648572528,103035.87856485725,-0.06268726018930745,-0.20848056537102572
20260122,11.23,11.34,11.06,11.54,10.08,0.3215,2.86286731967943,0,1,0.00267857142857153,-0.03044580812837616,96955.41918716238,0.00267857142857153,0.033118675252988394,103311.86752529883,-0.06017660106481439,-0.20636042402826957
20260123,11.41,11.5,11.19,11.54,10.18,0.32399999999999995,2.8396143733567043,0,1,0.01602849510240434,-0.014905313512446283,98509.46864875537,0.01602849510240434,0.04967801287948337,104967.80128794834,-0.04511264631785676,-0.19363957597173231
20260126,11.22,11.39,11.11,11.54,10.33,0.33099999999999996,2.9500891265597144,0,1,-0.016652059596844793,-0.03130916894037217,96869.08310596278,-0.016652059596844793,0.03219871205151659,103219.87120515166,-0.06101348743964523,-0.2070671378091881
20260127,11.33,11.63,11.11,11.54,10.33,0.34900000000000003,3.0803177405119153,0,1,0.009803921568627416,-0.021812200008415106,97818.77999915849,0.009803921568627416,0.0423183072677078,104231.83072677079,-0.05180773731650454,-0.19929328621908218
20260128,11.0,11.4,10.94,11.63,10.33,0.3625,3.295454545454545,0,1,-0.029126213592232997,-0.05030310680428651,94969.68931957135,-0.029126213592232997,0.011959521619133717,101195.95216191337,-0.07942498768592675,-0.22261484098940026
20260129,10.97,11.23,10.81,11.63,10.33,0.3755,3.422971741112124,0,1,-0.0027272727272726893,-0.05289318924027475,94710.68107597252,-0.0027272727272726893,0.009199632014717851,100919.96320147178,-0.08193564681041966,-0.22473498233215652
20260130,11.06,11.12,10.81,11.63,10.33,0.37749999999999995,3.4132007233273054,0,1,0.008204193254329972,-0.04512294193230981,95487.70580676902,0.008204193254329972,0.017479300827965227,101747.93008279652,-0.07440366943694077,-0.21837455830388802
20260202,10.79,11.14,10.76,11.63,10.41,0.38049999999999995,3.526413345690454,0,1,-0.024412296564195413,-0.06843368385620474,93156.63161437953,-0.024412296564195413,-0.007359705611777234,99264.02943882228,-0.09699960155737729,-0.23745583038869367
20260203,10.89,11.06,10.75,11.63,10.51,0.383,3.516988062442608,0,1,0.009267840593141896,-0.059800075736243574,94019.99242637564,0.009267840593141896,0.0018399264029422824,100183.99264029422,-0.08863073780906744,-0.2303886925795064
20260204,10.77,10.94,10.69,11.63,10.75,0.38150000000000006,3.542246982358404,0,1,-0.011019283746556585,-0.07016040548019686,92983.9594519803,-0.011019283746556585,-0.00919963201472107,99080.03679852789,-0.09867337430703924,-0.23886925795053118
20260205,10.9,11.01,10.75,11.63,10.69,0.3835,3.518348623853211,0,1,0.0120705663881151,-0.05893671492424757,94106.32850757525,0.0120705663881151,0.0027598896044140897,100275.9889604414,-0.08779385143423646,-0.22968197879858773
20260206,10.87,10.99,10.7,11.63,10.69,0.37750000000000006,3.4728610855565787,0,1,-0.0027522935779817903,-0.06152679736023603,93847.32026397639,-0.0027522935779817903,-1.887379141862766e-15,99999.99999999981,-0.09030451055872966,-0.23180212014134402
20260209,11.06,11.15,10.92,11.63,10.69,0.37650000000000006,3.404159132007234,0,1,0.017479300827967004,-0.04512294193230992,95487.70580676901,0.017479300827967004,0.017479300827965005,101747.9300827965,-0.07440366943694092,-0.21837455830388813
20260210,11.11,11.17,10.99,11.63,10.69,0.37600000000000006,3.384338433843385,0,1,0.004520795660036159,-0.04080613787232945,95919.38621276706,0.004520795660036159,0.022079116835324708,102207.91168353247,-0.07021923756278606,-0.21484098939929455
20260211,11.08,11.18,10.96,11.63,10.69,0.35700000000000004,3.2220216606498195,0,1,-0.0027002700270026825,-0.04339622030831769,95660.37796916823,-0.0027002700270026825,0.019319227230908842,101931.92272309089,-0.07272989668727897,-0.21696113074205073
20260212,10.98,11.2,10.82,11.63,10.69,0.362,3.296903460837887,0,1,-0.009025270758122761,-0.052029828428278746,94797.01715717213,-0.009025270758122761,0.010119595216189436,101011.95952161895,-0.08109876043558868,-0.224028268551238
20260213,11.1,11.2,10.95,11.63,10.69,0.3555,3.2027027027027026,0,1,0.010928961748633892,-0.04166949868432546,95833.05013156745,0.010928961748633892,0.02115915363385268,102115.91536338527,-0.07105612393761702,-0.21554770318021332
20260224,11.49,11.52,11.19,11.63,10.69,0.368,3.202785030461271,0,1,0.03513513513513522,-0.00799842701647735,99200.15729835226,0.03513513513513522,0.05703771849125849,105703.77184912586,-0.038417555319208846,-0.1879858657243828
20260225,11.64,11.89,11.4,11.63,10.69,0.34,2.9209621993127146,0,1,0.01305483028720622,0.004951985163464068,100495.19851634641,0.01305483028720622,0.0708371665133376,107083.71665133376,-0.025864259696744274,-0.17738515901060195
20260226,11.76,11.92,11.56,11.89,10.69,0.3335000000000001,2.835884353741497,0,1,0.010309278350515427,0.015312314907417246,101531.23149074173,0.010309278350515427,0.08187672493100084,108187.67249310008,-0.015821623198772613,-0.16890459363957727
20260227,11.66,11.85,11.61,11.92,10.7,0.33150000000000013,2.8430531732418536,0,1,-0.008503401360544172,0.006678706787456301,100667.87067874563,-0.008503401360544172,0.07267709291628144,107267.70929162814,-0.02419048694708233,-0.17597173144876455
20260302,10.98,11.43,10.65,11.92,10.7,0.3665000000000001,3.3378870673952648,0,1,-0.05831903945111494,-0.052029828428278746,94797.01715717213,-0.05831903945111494,0.010119595216189436,101011.95952161895,-0.08109876043558868,-0.224028268551238
20260303,10.72,11.25,10.7,11.92,10.65,0.3790000000000001,3.5354477611940305,0,1,-0.023679417122040025,-0.07447720954017734,92552.27904598227,-0.023679417122040025,-0.013799448022080885,98620.05519779191,-0.10285780618119396,-0.24240282685512488
20260304,10.81,10.93,10.6,11.92,10.65,0.36950000000000005,3.418131359851989,0,1,0.008395522388059629,-0.06670696223221251,93329.30377677875,0.008395522388059629,-0.0055197792088335085,99448.02207911665,-0.09532582880771535,-0.23604240282685637
20260305,10.96,11.06,10.8,11.92,10.6,0.3595,3.2801094890510947,0,1,0.013876040703052706,-0.05375655005227098,94624.3449947729,0.013876040703052706,0.0082796688132456,100827.96688132457,-0.08277253318525077,-0.2254416961130754
20260306,11.87,12.0,10.86,11.92,10.6,0.3955,3.3319292333614157,0,1,0.08302919708029188,0.024809283839374308,102480.92838393743,0.08302919708029188,0.09199632014719206,109199.6320147192,-0.006615873075632064,-0.16113074204947136
20260309,12.41,12.55,11.53,12.0,10.6,0.43100000000000016,3.473005640612411,0,1,0.04549283909014323,0.07143076768716394,107143.07676871639,0.04549283909014323,0.14167433302667676,114167.43330266768,0.0,-0.12296819787986012
20260310,12.4,12.88,12.23,12.55,10.6,0.4445000000000001,3.58467741935484,0,1,-0.0008058017727639033,0.07056740687516783,107056.74068751678,-0.0008058017727639033,0.14075436982520473,114075.43698252048,-0.0008058017727638964,-0.12367491166077887
20260311,12.6,12.89,12.3,12.88,10.6,0.4585000000000001,3.6388888888888893,0,1,0.016129032258064502,0.08783462311508994,108783.46231150899,0.016129032258064502,0.15915363385464354,115915.36338546436,0.0,-0.10954063604240434
20260312,12.19,12.71,12.12,12.89,10.6,0.47550000000000014,3.900738310090239,0,1,-0.032539682539682535,0.05243682982324982,105243.68298232499,-0.032539682539682535,0.12143514259429411,112143.51425942942,-0.03253968253968239,-0.13851590106007206
20260313,12.09,12.41,12.05,12.89,10.6,0.48050000000000015,3.9743589743589753,0,1,-0.008203445447087732,0.043803221703288875,104380.32217032889,-0.008203445447087732,0.1122355105795747,111223.55105795748,-0.040476190476190284,-0.14558303886925933
20260316,12.35,12.58,12.01,12.89,10.6,0.4945000000000001,4.004048582995953,0,1,0.021505376344086002,0.06625060281518746,106625.06028151874,0.021505376344086002,0.13615455381784503,113615.4553817845,-0.01984126984126975,-0.12720848056537257
20260317,11.85,12.69,11.8,12.89,10.6,0.525,4.430379746835443,0,1,-0.04048582995951422,0.023082562215382296,102308.25622153823,-0.04048582995951422,0.090156393744248,109015.6393744248,-0.05952380952380938,-0.16254416961130888
20260318,12.26,12.57,11.66,12.89,10.6,0.5615,4.579934747145187,0,1,0.03459915611814357,0.05848035550722264,105848.03555072227,0.03459915611814357,0.12787488500459765,112787.48850045976,-0.026984126984126725,-0.13356890459364107
20260319,11.91,12.43,11.85,12.89,10.8,0.5795000000000001,4.865659109991604,0,1,-0.028548123980424167,0.028262727087358996,102826.2727087359,-0.028548123980424167,0.09567617295307973,109567.61729530797,-0.05476190476190464,-0.15830388692579656
20260320,11.45,12.57,11.33,12.89,10.86,0.6225000000000002,5.436681222707426,0,1,-0.03862300587741396,-0.011451870264461816,98854.81297355382,-0.03862300587741396,0.0533578656853706,105335.78656853706,-0.09126984126984111,-0.19081272084805784
20260323,10.67,11.38,10.61,12.89,11.33,0.6520000000000001,6.110590440487349,-1,0,-0.068122270742358,-0.07879401360015781,92120.59863998422,-0.068122270742358,-0.018399264029440587,98160.07359705595,-0.153174603174603,-0.24593639575971846
20260324,11.74,11.74,10.95,12.89,10.61,0.6845000000000001,5.830494037478706,0,0,0.0,-0.07879401360015781,92120.59863998422,0.10028116213683225,0.08003679852805701,108003.6798528057,-0.153174603174603,-0.1703180212014147
20260325,12.91,12.91,11.9,12.89,10.61,0.7185000000000001,5.565453137103022,1,1,0.0,-0.07879401360015781,92120.59863998422,0.09965928449744466,0.187672493100274,118767.2493100274,-0.153174603174603,-0.08763250883392357
20260326,12.92,13.38,12.74,12.91,10.61,0.7325000000000002,5.669504643962849,0,1,0.0007745933384972759,-0.07808045357970872,92191.95464202913,0.0007745933384972759,0.18859245630174604,118859.2456301746,-0.15251865786335178,-0.08692579505300481
20260327,14.21,14.21,12.72,13.38,10.61,0.7950000000000002,5.594651653764955,0,1,0.09984520123839014,0.013968789058230513,101396.87890582305,0.09984520123839014,0.3072677092916263,130726.77092916262,-0.06790171271193733,0.0
20260330,15.63,15.63,14.2,14.21,10.61,0.8160000000000004,5.22072936660269,0,1,0.09992962702322306,0.11529431196200868,111529.43119620087,0.09992962702322306,0.43790248390064157,143790.24839006417,0.0,0.0
20260331,14.67,15.8,14.5,15.63,10.61,0.8535000000000004,5.817995910020453,0,1,-0.06142034548944342,0.04679254999889104,104679.2549998891,-0.06142034548944342,0.3495860165593354,134958.60165593354,-0.06142034548944337,-0.061420345489443424
20260401,15.0,15.33,14.27,15.8,10.61,0.8900000000000003,5.933333333333335,0,1,0.02249488752556239,0.07034003067371275,107034.00306737128,0.02249488752556239,0.3799448022079095,137994.48022079095,-0.040307101727447184,-0.040307101727447184
20260402,14.09,15.15,13.89,15.8,10.61,0.9400000000000002,6.67139815471966,0,1,-0.06066666666666665,0.005406068812840781,100540.60688128408,-0.06066666666666665,0.29622815087396304,129622.8150873963,-0.0985284708893154,-0.09852847088931538
20260403,14.0,14.4,13.52,15.8,10.61,0.9270000000000003,6.621428571428574,0,1,-0.0063875088715400485,-0.0010159713712014629,99898.40286287986,-0.0063875088715400485,0.28794848206071566,128794.84820607156,-0.10428662827895072,-0.10428662827895066
20260407,14.01,14.2,13.53,15.8,10.61,0.9095000000000002,6.491791577444683,0,1,0.0007142857142856673,-0.000302411350752374,99969.75886492476,0.0007142857142856673,0.28886844526218747,128886.84452621875,-0.10364683301343575,-0.1036468330134357
20260408,14.4,14.55,13.7,15.8,10.95,0.9195000000000004,6.38541666666667,0,1,0.027837259100642386,0.02752642944676409,102752.64294467641,0.027837259100642386,0.32474701011959306,132474.70101195932,-0.07869481765834943,-0.07869481765834926
20260409,15.08,15.3,13.86,15.8,11.9,0.9620000000000004,6.379310344827589,0,1,0.047222222222222276,0.07604851083730568,107604.85108373057,0.047222222222222276,0.38730450781968506,138730.4507819685,-0.03518873960332711,-0.035188739603326864
20260410,14.79,15.95,14.61,15.8,12.72,0.9995,6.757944557133198,0,1,-0.019230769230769273,0.05535527024428055,105535.52702442805,-0.019230769230769273,0.36062557497699865,136062.55749769986,-0.05374280230326313,-0.053742802303263046
20260413,14.5,14.78,14.08,15.95,12.72,1.0170000000000001,7.013793103448276,0,1,-0.019607843137254832,0.03466202965125542,103466.20296512554,-0.019607843137254832,0.33394664213431247,133394.66421343124,-0.07229686500319915,-0.07229686500319903
20260414,15.95,15.95,14.56,15.95,13.52,1.0610000000000002,6.652037617554861,0,1,0.09999999999999987,0.13812823261638085,113812.82326163808,0.09999999999999987,0.4673413063477436,146734.13063477437,0.0,0.0
20260415,15.96,16.44,15.46,15.95,13.52,1.0655000000000003,6.67606516290727,0,1,0.0006269592476491059,0.13884179263683016,113884.17926368302,0.0006269592476491059,0.4682612695492159,146826.12695492158,0.0,0.0
20260416,16.27,16.41,15.31,16.44,13.52,1.0750000000000004,6.607252612169639,0,1,0.01942355889724312,0.16096215327075347,116096.21532707535,0.01942355889724312,0.4967801287948461,149678.01287948462,0.0,0.0
20260417,17.07,17.57,16.18,16.44,13.52,1.1155000000000004,6.534856473345052,0,1,0.049170251997541436,0.2180469549066848,121804.69549066848,0.049170251997541436,0.5703771849126011,157037.7184912601,0.0,0.0
20260420,16.58,17.47,16.41,17.57,13.52,1.1065,6.673703256936069,0,1,-0.028705330990041134,0.18308251390467678,118308.25139046767,-0.028705330990041134,0.5252989880404759,152529.89880404758,-0.028705330990041137,-0.028705330990041147
20260421,16.18,16.62,15.7,17.57,13.53,1.1105000000000005,6.863411619283069,0,1,-0.024125452352231513,0.15454011308671123,115454.01130867112,-0.024125452352231513,0.4885004599815985,148850.04599815985,-0.05213825424721736,-0.052138254247217276
20260422,16.54,16.88,15.65,17.57,13.7,1.1185000000000003,6.762394195888756,0,1,0.02224969097651419,0.1802282738228802,118022.82738228801,0.02224969097651419,0.5216191352345882,152161.91352345882,-0.031048623315758795,-0.031048623315758705
20260423,16.12,16.69,16.07,17.57,13.86,1.0910000000000002,6.767990074441688,0,1,-0.025392986698911657,0.15025875296401625,115025.87529640163,-0.025392986698911657,0.4829806807727668,148298.06807727666,-0.05565319273579385,-0.055653192735793895
20260424,16.87,17.28,15.83,17.57,14.08,1.1315000000000004,6.707172495554241,0,1,0.0465260545905708,0.2037757544977019,120377.57544977019,0.0465260545905708,0.5519779208831623,155197.79208831623,-0.011716461628588292,-0.011716461628588158
20260427,17.49,18.28,17.02,17.57,14.08,1.1275000000000002,6.446540880503146,0,1,0.03675163011262583,0.24801647576554853,124801.64757655485,0.03675163011262583,0.6090156393744224,160901.56393744223,0.0,0.0
20260428,17.08,17.45,16.5,18.28,14.56,1.1055000000000004,6.4724824355971915,0,1,-0.023441966838193218,0.21876051492713366,121876.05149271336,-0.023441966838193218,0.571297148114073,157129.7148114073,-0.023441966838193332,-0.023441966838193176
20260429,18.35,18.78,16.91,18.28,15.31,1.134,6.17983651226158,0,1,0.07435597189695575,0.30938263752417483,130938.26375241748,0.07435597189695575,0.6881324747010096,168813.24747010096,0.0,0.0
20260430,17.56,18.73,16.52,18.78,15.31,1.1915000000000002,6.785307517084284,0,1,-0.043051771117166404,0.25301139590869237,125301.13959086924,-0.043051771117166404,0.6154553817847259,161545.5381784726,-0.043051771117166404,-0.04305177111716641
20260506,18.72,19.32,17.37,18.78,15.65,1.2260000000000002,6.549145299145301,0,1,0.06605922551252852,0.3357843582807929,133578.4358280793,0.06605922551252852,0.7221711131554709,172217.11131554708,0.0,0.0
20260507,20.59,20.59,19.28,19.32,15.65,1.2755000000000003,6.194754735308404,0,1,0.09989316239316248,0.4692200821047825,146922.00821047826,0.09989316239316248,0.8942042318307237,189420.42318307236,0.0,0.0
20260508,20.4,21.4,19.63,20.59,15.65,1.3305,6.522058823529413,0,1,-0.00922778047595929,0.4556624417162487,145566.24417162486,-0.00922778047595929,0.8767249310027567,187672.49310027566,-0.009227780475959452,-0.009227780475959253
20260511,19.23,20.4,18.86,21.4,15.65,1.3649999999999998,7.098283931357254,0,1,-0.057352941176470495,0.3721759193236993,137217.59193236992,-0.057352941176470495,0.76908923643054,176908.923643054,-0.06605148130160284,-0.0660514813016026
20260512,19.07,19.37,18.3,21.4,15.83,1.3465,7.060828526481385,0,1,-0.00832033281331257,0.360758958996513,136075.8958996513,-0.00832033281331257,0.7543698252069888,175436.9825206989,-0.07382224380767363,-0.07382224380767356
20260513,18.25,19.96,17.16,21.4,15.83,1.4195,7.778082191780822,0,1,-0.04299947561615103,0.3022470373196833,130224.70373196833,-0.04299947561615103,0.6789328426862897,167893.28426862898,-0.11364740165128716,-0.11364740165128699
20260514,16.43,18.22,16.43,21.4,16.5,1.475,8.977480219111381,-1,0,-0.09972602739726033,0.17237911359793934,117237.91135979393,-0.09972602739726033,0.5114995400183966,151149.95400183965,-0.2020398251578439,-0.20203982515784372
20260515,16.44,17.28,15.7,21.4,16.43,1.4815,9.011557177615572,0,0,0.0,0.17237911359793934,117237.91135979393,0.000608642726719566,0.5124195032198688,151241.9503219869,-0.2020398251578439,-0.20155415250121403
20260518,17.15,17.3,16.01,21.4,15.7,1.4970000000000003,8.728862973760936,0,0,0.0,0.17237911359793934,117237.91135979393,0.0431873479318734,0.5777368905243765,157773.68905243764,-0.2020398251578439,-0.16707139388052453
20260519,15.44,17.31,15.44,21.4,15.7,1.5355,9.9449481865285,0,0,-0.0,0.17237911359793934,117237.91135979393,-0.09970845481049562,0.4204231830726748,142042.31830726747,-0.2020398251578439,-0.25012141816415734
20260520,13.9,15.4,13.9,21.4,15.44,1.543,11.100719424460431,0,0,-0.0,0.17237911359793934,117237.91135979393,-0.09974093264248696,0.27874885004599625,127874.88500459962,-0.2020398251578439,-0.32491500728508976
20260521,13.5,14.32,13.38,21.4,13.9,1.5370000000000001,11.385185185185186,0,0,-0.0,0.17237911359793934,117237.91135979393,-0.02877697841726623,0.24195032198711863,124195.03219871187,-0.2020398251578439,-0.344341913550267
20260522,14.85,14.85,13.62,21.4,13.38,1.5585,10.494949494949495,0,0,0.0,0.17237911359793934,117237.91135979393,0.09999999999999987,0.3661453541858304,136614.53541858305,-0.2020398251578439,-0.2787761049052937
20260525,16.34,16.34,14.94,21.4,13.38,1.5715,9.61750305997552,0,0,0.0,0.17237911359793934,117237.91135979393,0.10033670033670039,0.5032198712051494,150321.98712051494,-0.2020398251578439,-0.20641087906750843
20260526,16.16,16.98,15.44,21.4,13.38,1.6175000000000002,10.009282178217822,0,0,-0.0,0.17237911359793934,117237.91135979393,-0.011015911872705009,0.48666053357865446,148666.05335786546,-0.2020398251578439,-0.21515298688683815
20260527,16.26,17.2,16.1,21.4,13.38,1.5999999999999999,9.840098400984008,0,0,0.0,0.17237911359793934,117237.91135979393,0.006188118811881305,0.4958601655933741,149586.0165593374,-0.2020398251578439,-0.21029626032054377
20260528,15.59,16.52,15.33,21.4,13.38,1.5889999999999997,10.192431045542012,0,0,-0.0,0.17237911359793934,117237.91135979393,-0.04120541205412065,0.4342226310947539,143422.2631094754,-0.2020398251578439,-0.24283632831471574
20260529,14.56,15.68,14.38,21.4,13.38,1.6045000000000003,11.019917582417584,0,0,-0.0,0.17237911359793934,117237.91135979393,-0.06606799230275817,0.3394664213431442,133946.64213431443,-0.2020398251578439,-0.2928606119475472
20260601,16.02,16.02,13.36,21.4,13.38,1.6439999999999997,10.262172284644192,0,0,0.0,0.17237911359793934,117237.91135979393,0.10027472527472514,0.47378104875804716,147378.1048758047,-0.2020398251578439,-0.22195240407965036
20260602,15.24,16.1,14.8,21.4,13.36,1.5984999999999998,10.488845144356954,0,0,-0.0,0.17237911359793934,117237.91135979393,-0.048689138576779034,0.40202391904323576,140202.39190432357,-0.2020398251578439,-0.25983487129674615
20260603,14.99,15.55,14.77,21.4,13.36,1.5399999999999998,10.273515677118079,0,0,-0.0,0.17237911359793934,117237.91135979393,-0.01640419947506566,0.37902483900643724,137902.4839006437,-0.2020398251578439,-0.27197668771248196
20260604,14.75,15.03,14.57,21.4,13.36,1.4695,9.96271186440678,0,0,-0.0,0.17237911359793934,117237.91135979393,-0.016010673782521745,0.35694572217111054,135694.57221711104,-0.2020398251578439,-0.2836328314715884
20260605,14.0,14.9,13.92,21.4,13.36,1.4299999999999997,10.214285714285712,0,0,-0.0,0.17237911359793934,117237.91135979393,-0.05084745762711862,0.2879484820607152,128794.84820607152,-0.2020398251578439,-0.32005828071879566
20260608,15.4,15.4,13.39,20.4,13.36,1.4534999999999998,9.438311688311687,0,0,0.0,0.17237911359793934,117237.91135979393,0.10000000000000009,0.4167433302667869,141674.33302667868,-0.2020398251578439,-0.25206410879067515
20260609,15.72,16.17,15.1,19.96,13.36,1.4535,9.24618320610687,0,0,0.0,0.17237911359793934,117237.91135979393,0.020779220779220786,0.44618215271388895,144618.2152713889,-0.2020398251578439,-0.23652258377853322
20260610,14.87,16.18,14.82,19.96,13.36,1.3814999999999997,9.290517821116339,0,0,-0.0,0.17237911359793934,117237.91135979393,-0.0540712468193385,0.367985280588774,136798.5280588774,-0.2020398251578439,-0.2778047595920351
20260611,14.85,15.48,14.55,18.22,13.36,1.3369999999999997,9.003367003367002,0,0,-0.0,0.17237911359793934,117237.91135979393,-0.0013449899125755893,0.36614535418583016,136614.53541858302,-0.2020398251578439,-0.27877610490529386
20260612,16.34,16.34,14.83,17.31,13.36,1.3335,8.160954712362301,0,0,0.0,0.17237911359793934,117237.91135979393,0.10033670033670039,0.5032198712051492,150321.9871205149,-0.2020398251578439,-0.20641087906750857
20260615,16.3,17.18,16.3,17.31,13.36,1.3129999999999997,8.055214723926378,0,0,-0.0,0.17237911359793934,117237.91135979393,-0.00244798041615657,0.49954001839926154,149954.00183992615,-0.2020398251578439,-0.20835356969402624
20260616,16.06,16.58,15.89,17.31,13.39,1.2539999999999998,7.808219178082192,0,0,-0.0,0.17237911359793934,117237.91135979393,-0.014723926380368235,0.47746090156393484,147746.09015639347,-0.2020398251578439,-0.2200097134531327
20260617,16.04,16.2,15.76,17.2,13.39,1.1989999999999998,7.47506234413965,0,0,-0.0,0.17237911359793934,117237.91135979393,-0.001245330012453305,0.475620975160991,147562.0975160991,-0.2020398251578439,-0.22098105876639146
20260618,14.44,16.44,14.44,17.2,13.39,1.252,8.670360110803324,0,0,-0.0,0.17237911359793934,117237.91135979393,-0.09975062344139651,0.32842686292548073,132842.68629254808,-0.2020398251578439,-0.2986886838271005
20260622,14.86,14.88,13.62,17.2,13.39,1.2475,8.395020188425303,0,0,0.0,0.17237911359793934,117237.91135979393,0.02908587257617734,0.3670653173873022,136706.5317387302,-0.2020398251578439,-0.27829043224866445
20260623,14.34,14.67,13.98,17.2,13.39,1.217,8.486750348675036,0,0,-0.0,0.17237911359793934,117237.91135979393,-0.03499327052489898,0.31922723091076155,131922.72309107616,-0.2020398251578439,-0.3035454103933947
20260624,13.92,14.36,13.61,17.2,13.62,1.1774999999999998,8.459051724137929,0,0,-0.0,0.17237911359793934,117237.91135979393,-0.029288702928870314,0.2805887764489401,128058.877644894,-0.2020398251578439,-0.3239436619718309
20260625,13.02,13.94,12.71,17.2,13.61,1.184,9.093701996927802,0,0,-0.0,0.17237911359793934,117237.91135979393,-0.06465517241379315,0.19779208831646544,119779.20883164654,-0.2020398251578439,-0.3676542010684798
20260626,14.32,14.32,13.0,17.18,12.71,1.1905000000000001,8.31354748603352,0,0,0.0,0.17237911359793934,117237.91135979393,0.09984639016897079,0.3173873045078175,131738.73045078176,-0.2020398251578439,-0.30451675570665365
20260629,15.1,15.46,13.3,17.18,12.71,1.2335,8.168874172185431,0,0,0.0,0.17237911359793934,117237.91135979393,0.0544692737430168,0.3891444342226289,138914.44342226288,-0.2020398251578439,-0.26663428848955806
20260630,16.31,16.46,15.37,17.18,12.71,1.1685,7.164316370324955,0,0,0.0,0.17237911359793934,117237.91135979393,0.08013245033112582,0.5004599816007336,150045.99816007336,-0.2020398251578439,-0.20786789703739672
20260701,17.0,17.1,16.0,17.18,12.71,1.1585,6.814705882352942,0,0,0.0,0.17237911359793934,117237.91135979393,0.04230533415082771,0.5639374425022974,156393.74425022973,-0.2020398251578439,-0.17435648372996596
20260702,17.27,17.72,16.28,17.18,12.71,1.1915,6.899247249565721,1,1,0.0,0.17237911359793934,117237.91135979393,0.01588235294117646,0.5887764489420397,158877.644894204,-0.2020398251578439,-0.16124332200097125
20260703,16.83,17.5,16.77,17.72,12.71,1.2049999999999998,7.159833630421865,0,1,-0.025477707006369532,0.14250958204130382,114250.95820413038,-0.025477707006369532,0.5482980680772742,154829.8068077274,-0.22237002069522374,-0.18261291889266645
