date,open,high,low,close,volume_hands,rsi_14,macd_dif,macd_dea,macd_hist,bb_mid_20,bb_upper_20,bb_lower_20,bb_width_20,bb_percent_b_20,true_range,atr_14,atr_pct_14
20250704,10.85,11.0,10.8,10.87,54142.02,,0.0,0.0,0.0,,,,,,0.1999999999999993,,
20250707,10.81,11.07,10.74,11.07,45327.01,,0.01595441595441649,0.003190883190883298,0.012763532763533193,,,,,,0.33000000000000007,,
20250708,11.05,11.47,11.0,11.23,78358.0,,0.041036030551701685,0.010759912663046977,0.03027611788865471,,,,,,0.47000000000000064,,
20250709,11.16,11.23,11.03,11.15,44583.0,,0.053837454745567115,0.019375421079551005,0.034462033666016106,,,,,,0.20000000000000107,,
20250710,11.16,11.21,11.01,11.08,33197.0,,0.057669482763602176,0.027034233416361242,0.030635249347240934,,,,,,0.20000000000000107,,
20250711,11.14,11.65,11.06,11.6,88562.0,,0.10149606331603778,0.04192659939629655,0.059569463919741224,,,,,,0.5899999999999999,,
20250714,11.47,11.75,11.46,11.56,64249.0,,0.1314855943663389,0.059838398390305025,0.07164719597603386,,,,,,0.28999999999999915,,
20250715,11.5,11.59,11.15,11.26,60750.99,,0.12955163043861084,0.0737810447999662,0.05577058563864465,,,,,,0.4399999999999995,,
20250716,11.27,11.44,11.16,11.21,38692.0,,0.12257144068966674,0.0835391239779063,0.03903231671176044,,,,,,0.27999999999999936,,
20250717,11.22,11.23,11.03,11.11,41717.0,,0.10772859754516872,0.08837701869135879,0.019351578853809934,,,,,,0.20000000000000107,,
20250718,11.19,11.19,10.94,11.04,36828.01,,0.08928786747418016,0.08855918844792307,0.0007286790262570897,,,,,,0.25,,
20250721,11.09,11.35,11.02,11.24,52431.01,,0.08977689243310216,0.0888027292449589,0.000974163188143265,,,,,,0.33000000000000007,,
20250722,11.22,11.95,11.22,11.59,103606.02,,0.11705716107689312,0.09445361561134574,0.02260354546554738,,,,,,0.7299999999999986,,
20250723,11.75,11.98,11.51,11.56,88496.61,,0.13470344379123844,0.1025035812473243,0.032199862543914146,,,,,,0.47000000000000064,0.3118145958245312,2.6973580953679166
20250724,11.56,11.75,11.46,11.75,51225.0,82.00721735669981,0.16215049214246413,0.11443296342635227,0.04771752871611186,,,,,,0.28999999999999915,0.3102564104084932,2.640480088582921
20250725,11.8,12.68,11.7,12.53,158842.01,86.52766060062233,0.24402894321943513,0.14035215938496884,0.1036767838344663,,,,,,0.9800000000000004,0.358095238236458,2.8579029388384516
20250728,12.6,13.78,12.6,13.78,41391.62,90.60239933302759,0.405112869923963,0.1933043014927677,0.2118085684311953,,,,,,1.25,0.42180272121956813,3.0609776576166046
20250729,14.61,15.16,13.68,13.8,354608.61,90.65112086811784,0.5282969963172661,0.2603028404576674,0.26799415585959874,,,,,,1.4800000000000004,0.49738824113245617,3.6042626169018566
20250730,13.58,13.78,12.97,13.05,192035.01,74.95714547826765,0.5589592378354702,0.32003411993322795,0.23892511790224225,,,,,,0.8300000000000001,0.5211462239087093,3.9934576544728686
20250731,13.1,13.88,13.1,13.73,166701.01,78.57829284704829,0.6308574699328044,0.38219878993314327,0.24865867999966118,11.810500000000001,13.789914852398239,9.831085147601764,0.3351957753521421,0.984865514087245,0.8300000000000001,0.5432072079152301,3.9563525703949756
20250801,13.66,14.09,13.66,13.81,107918.72,78.96368057687067,0.6863805011209401,0.4430351321707027,0.2433453689502374,11.9575,14.074706451410616,9.840293548589383,0.3541219237149265,0.937486858866727,0.4299999999999997,0.535120978778428,3.8748803676931787
20250804,13.78,13.84,13.2,13.72,111021.66,77.2792849466664,0.7148799642897536,0.4974040985945129,0.21747586569524074,12.09,14.302871437747797,9.877128562252203,0.36606640822957764,0.868299751218031,0.6400000000000006,0.5426123374371118,3.954900418637841
20250805,13.94,13.98,13.51,13.73,68367.0,77.33713100686943,0.7298595441024727,0.5438951876961049,0.18596435640636777,12.215,14.504440290137584,9.925559709862416,0.3748571903622733,0.830866894962558,0.47000000000000064,0.5374257419058895,3.9142442964740685
20250806,13.74,14.18,13.71,14.15,105154.0,79.67739639780342,0.7667824679545756,0.5884726437477991,0.17830982420677655,12.365,14.751686758711863,9.978313241288138,0.3860391037140093,0.8739493658906871,0.46999999999999886,0.5326096174840402,3.7640255652582346
20250807,15.48,15.48,12.74,12.74,348942.35,58.01723259201465,0.6744937904261139,0.6056768730834621,0.06881691734265183,12.448,14.760843772456212,10.135156227543789,0.37160086318383867,0.5631257509645581,2.74,0.6902803590923231,5.418213179688564
20250808,11.98,12.25,11.47,11.48,303309.01,45.986478012069554,0.49398848705850185,0.58333919587847,-0.0893507088199682,12.442,14.764708038385141,10.11929196161486,0.37336570300355904,0.29291413640845954,1.2699999999999996,0.7316889048714429,6.373596732329642
20250811,11.27,11.67,11.27,11.52,154891.11,46.36670632809496,0.35012833784389485,0.5366970242715551,-0.18656868642766022,12.440000000000001,14.76597234902332,10.114027650976682,0.37395053842818626,0.302233246584743,0.40000000000000036,0.7079968402377684,6.1458059048417395
20250812,11.5,11.5,11.12,11.3,159483.43,44.51080541613826,0.21587747064904406,0.4725331135470529,-0.25665564289800885,12.442,14.763765208674325,10.120234791325675,0.37321414703011174,0.25406643278713453,0.40000000000000036,0.6859970659350707,6.070770495000626
20250813,11.3,11.34,11.09,11.12,127932.34,42.99446876190366,0.09387605081662365,0.39680170100096707,-0.3029256501843434,12.4375,14.769644935461775,10.105355064538225,0.3750182810792804,0.21753470807783867,0.25,0.65485441836828,5.888978582448561
20250814,11.11,11.12,10.81,10.83,123227.01,40.59501146623217,-0.02591282285056451,0.3122587962306608,-0.3381716190812253,12.4235,14.792272944618775,10.054727055381226,0.3813374563720005,0.16364441901871363,0.3099999999999987,0.6302219599134028,5.819224006587284
20250815,10.89,10.89,10.67,10.74,116714.34,39.85169050210484,-0.126648688853626,0.22447729921380344,-0.35112598806742945,12.4085,14.817616675857511,9.999383324142489,0.3883010316891665,0.1537112509492495,0.22000000000000064,0.6009203913481598,5.595161930616013
20250818,10.81,10.99,10.8,10.93,116743.01,42.255553491110916,-0.1889728153363226,0.14178727630377824,-0.33076009164010084,12.393,14.837500594783062,9.948499405216939,0.39449698939450684,0.20075687379208113,0.25,0.5758546491090055,5.268569525242502
20250819,11.08,11.08,10.83,10.9,81638.62,41.97033279520963,-0.23804188519785185,0.06582144400345223,-0.3038633292013041,12.358500000000001,14.86929584782867,9.847704152171332,0.40632695680360387,0.20955424327682629,0.25,0.5525793170297909,5.069535018621934
20250820,10.92,10.97,10.6,10.8,143991.0,40.97743300710512,-0.28175079309280626,-0.003693003415799467,-0.2780577896770068,12.320500000000001,14.904128415518318,9.736871584481683,0.41940317609160627,0.2057432889986691,0.370000000000001,0.5395379372419488,4.995721641129155
20250821,10.81,10.95,10.76,10.91,100013.15,42.586428895618674,-0.30400989992682703,-0.06375638271800498,-0.24025351720882204,12.278500000000001,14.927656966202449,9.629343033797554,0.43151149834303004,0.24171028416603443,0.1899999999999995,0.5145709417246667,4.716507256871372
20250822,10.91,10.91,10.75,10.88,92128.53,42.24816322435132,-0.3203780332021786,-0.11508071281483971,-0.2052973203873389,12.196000000000002,14.914051933975783,9.47794806602422,0.4457284247254478,0.2579148537322012,0.16000000000000014,0.4892444458871905,4.496732039404324
20250825,11.51,11.97,11.51,11.97,263731.66,55.94142896013543,-0.24259947057515063,-0.14058446436690192,-0.10201500620824872,12.105500000000001,14.720046151619318,9.490953848380684,0.43196004322321535,0.47408728090034313,1.0899999999999999,0.5321555568952483,4.445744000795725
20250826,12.04,12.38,11.8,12.3,457963.83,59.10301261590708,-0.15257239762719088,-0.14298205101895972,-0.00959034660823116,12.0305,14.523618740178975,9.537381259821025,0.4144663547116038,0.5540487694502376,0.5800000000000001,0.5355730171170163,4.35425217168306
20250827,12.2,12.2,11.59,11.6,234238.19,50.779091096549934,-0.13614010517363617,-0.14161366184989502,0.005473556676258845,11.958000000000002,14.410286580659822,9.505713419340182,0.41014995495230294,0.4270068998412743,0.7100000000000009,0.5480320873229438,4.724414545887447
20250828,11.46,11.66,10.84,11.24,187476.1,47.10480701348457,-0.15043229649722,-0.14337738877936002,-0.007054907717859993,11.833499999999999,14.156413551646093,9.510586448353905,0.39259957774894905,0.3722509497653443,0.8200000000000003,0.5674583667998765,5.048561982205307
20250829,11.33,11.75,11.07,11.68,172944.01,51.70450472935949,-0.12481583902712678,-0.13966507882891338,0.014849239801786596,11.727,13.855543856106433,9.598456143893568,0.36301592156671486,0.4889595885315763,0.6799999999999997,0.5754970548855995,4.927200812376709
20250901,11.55,11.62,11.4,11.44,110134.03,49.19175821300575,-0.12246886136221313,-0.13622583533557334,0.013756973973360204,11.613,13.52535429441525,9.70064570558475,0.32934716170072337,0.4547677957726711,0.27999999999999936,0.554390122393771,4.846067503442054
20250902,11.4,11.4,10.95,11.13,107427.01,46.076897295012316,-0.14396374938699985,-0.13777341814585864,-0.0061903312411412115,11.483,13.12359167760647,9.842408322393531,0.2857426940009526,0.392416862520293,0.4900000000000002,0.549790827937073,4.93971992755681
20250903,11.11,11.22,10.8,10.82,73430.0,43.13542299129968,-0.18389320582366153,-0.1469973756814192,-0.03689583014224232,11.316500000000001,12.398122076230653,10.23487792376935,0.19115841050336257,0.27048360471235217,0.41999999999999993,0.5405200545129963,4.995564274611796
20250904,10.82,10.88,10.3,10.44,114841.41,39.78280679654781,-0.24339470923331064,-0.16627684239179752,-0.07711786684151312,11.2015,12.123106720553,10.279893279446998,0.164550590644646,0.08686282173427005,0.5800000000000001,0.5433400506192109,5.204406615126541
20250905,10.48,10.63,10.32,10.6,74146.11,41.83278442556234,-0.2744754345914888,-0.1879165608317358,-0.08655887375975302,11.1575,12.106735149170683,10.208264850829318,0.1701519424908237,0.20634252193090857,0.3100000000000005,0.5266729041464101,4.96861230326802
20250908,10.7,10.79,10.61,10.77,65482.0,44.01362821564731,-0.2821372515007017,-0.20676069896552898,-0.0753765525351727,11.12,12.06819496107634,10.171805038923658,0.17053866206409016,0.3154387998420188,0.1899999999999995,0.5026248395645236,4.666897303291771
20250909,10.85,11.08,10.72,10.98,100314.0,46.67340502250705,-0.26817272342101717,-0.21904310385662662,-0.04912961956439055,11.104000000000001,12.050203494303217,10.157796505696785,0.17042570142348987,0.43447498305250176,0.35999999999999943,0.4924373510242005,4.484857477451735
20250910,11.1,11.11,10.88,10.96,75129.69,46.447088246082195,-0.25577119602615106,-0.22638872229053153,-0.02938247373561953,11.096,12.044337048677724,10.147662951322276,0.17093313782943828,0.42829553575407314,0.22999999999999865,0.47369182595104325,4.322005711232146
20250911,10.97,11.02,10.75,11.0,67379.7,47.00060762776228,-0.23994924497859493,-0.22910082682814423,-0.010848418150450706,11.1045,12.04581990199654,10.16318009800346,0.16953845774173348,0.4444928340629178,0.2699999999999996,0.459142409811683,4.174021907378936
20250912,10.99,11.06,10.84,10.86,63583.71,45.238194439465474,-0.23598675632334576,-0.23047801272718454,-0.005508743596161214,11.1105,12.043530715351595,10.177469284648405,0.1679547662754323,0.36576004633159137,0.22000000000000064,0.4420608091108486,4.070541520357722
20250915,10.85,10.85,10.64,10.71,57715.18,43.36206779074668,-0.2421587466211026,-0.23281415950596818,-0.009344587115134417,11.0995,12.046572497641819,10.152427502358183,0.17065138026790716,0.2943663230798892,0.21999999999999886,0.4261993227457879,3.9794521264779448
20250916,10.8,11.02,10.7,10.98,73886.54,47.576509145399804,-0.22269624618064476,-0.2307905768409035,0.008094330660258747,11.1035,12.04769612146498,10.15930387853502,0.1700718010474139,0.4346004515415813,0.3200000000000003,0.41861365683537455,3.812510535841298
20250917,11.05,11.05,10.88,10.92,49720.0,46.744109878052235,-0.20969632422665896,-0.2265717263180546,0.016875402091395653,11.1095,12.047077505568156,10.171922494431845,0.16878842532393995,0.39894168808734004,0.16999999999999993,0.40085553848999067,3.670838264560354
20250918,10.93,10.97,10.65,10.7,66943.51,43.72339908806352,-0.21467135603790588,-0.22419165226202487,0.009520296224118985,11.099,12.050583721459866,10.147416278540135,0.1714719743147789,0.29034950314835256,0.3200000000000003,0.3950801428835628,3.692337783958531
20250919,10.76,10.77,10.59,10.63,40974.0,42.77619311719121,-0.22170682134827935,-0.22369468607927578,0.001987864730996436,11.0865,12.056584640908385,10.116415359091613,0.1750028667132794,0.2647112526322794,0.17999999999999972,0.3797172755347369,3.572128650373818
20250922,10.63,10.63,10.4,10.44,57721.0,40.22873456852053,-0.2398490597384786,-0.22692556081111637,-0.01292349892736222,11.01,11.926561078448325,10.093438921551675,0.16649610870995912,0.18905509223402153,0.23000000000000043,0.3690231844251129,3.5347048316581695
20250923,10.48,10.48,9.99,10.19,76236.0,37.09813073485623,-0.2712727615001622,-0.23579500094892555,-0.035477760551236664,10.904499999999999,11.66898744439109,10.140012555608907,0.1402150386337919,0.032693437124338386,0.4900000000000002,0.37766438553760484,3.706225569554513
20250924,10.21,10.6,10.15,10.58,63977.01,44.37094808965895,-0.26168993226501236,-0.24097398721214291,-0.020715945052869444,10.8535,11.556224772057458,10.150775227942543,0.1294927483406197,0.3054003424418645,0.4499999999999993,0.3828312151420616,3.6184424871650434
20250925,10.56,10.65,10.43,10.47,47198.01,42.86552009300394,-0.2599747249467015,-0.24477413475905463,-0.015200590187646856,10.815000000000001,11.512921726873548,10.117078273126454,0.12906550658780344,0.25283761293298335,0.22000000000000064,0.3712004140604858,3.5453716720199218
20250926,10.47,10.57,10.34,10.47,39879.0,42.86552009300394,-0.25566822662099753,-0.24695295313144322,-0.00871527348955431,10.7545,11.33692596095989,10.17207403904011,0.10831297800174626,0.2557629475074239,0.23000000000000043,0.3611146701990226,3.449041740200789
20250929,10.45,10.55,10.25,10.52,42651.0,43.86945879222441,-0.24539198745845425,-0.24664075999684543,0.001248772538391174,10.7085,11.2014086602693,10.215591339730702,0.09205932862105778,0.30878810295500286,0.3000000000000007,0.3567493366133782,3.39115338986101
20250930,10.52,10.65,10.48,10.62,33523.0,45.9163265182212,-0.22656710506662314,-0.242626029010801,0.01605892394417785,10.683000000000002,11.135180681167505,10.230819318832499,0.08465425089722045,0.4303375811662937,0.16999999999999993,0.3434100982838512,3.2336167446690323
20251009,10.76,10.76,10.42,10.51,44385.1,44.01494998371779,-0.2180112330494719,-0.23770306981853517,0.019691836769063276,10.6675,11.121157649729343,10.213842350270658,0.0850541644676526,0.32641095097374956,0.33999999999999986,0.3431665198350047,3.2651429099429565
20251010,10.47,10.73,10.45,10.69,53601.01,47.82252571710647,-0.1944644816622496,-0.22905535218727807,0.03459087052502846,10.68,11.120860402777225,10.239139597222774,0.08255812786090368,0.5113414585853076,0.28000000000000114,0.33865462556107584,3.167957208242057
20251013,10.3,10.62,10.05,10.61,54755.0,46.31488037031412,-0.18018181910346165,-0.2192806455705148,0.03909882646705315,10.680499999999999,11.12100091104518,10.239999088954818,0.08248694556344381,0.41997746402757363,0.6399999999999988,0.36017929516385605,3.3947153172842235
20251014,10.69,10.72,10.47,10.55,44046.0,45.16483995031904,-0.1717246695875616,-0.20976945037392417,0.03804478078636256,10.6695,11.111575249607851,10.227424750392148,0.08286709772863804,0.3648420148990443,0.25,0.35230934550929494,3.3394250759174877
20251015,10.55,11.02,10.51,11.0,97213.02,54.325245943766525,-0.1272442855555891,-0.19326441741025716,0.06602013185466807,10.6705,11.115612640977485,10.225387359022516,0.08342863801649114,0.8701310293911276,0.5099999999999998,0.36357296368720243,3.305208760792749
20251016,11.0,11.24,10.69,10.76,89099.0,49.56915116958549,-0.11009020364386402,-0.17662957465697854,0.06653937101311452,10.660499999999999,11.086817153993982,10.234182846006016,0.07998070521907659,0.6166971573484997,0.5500000000000007,0.376889180566688,3.502687551735019
20251017,10.88,10.88,10.6,10.64,40045.99,47.337585904027,-0.10496845623560347,-0.16229735097270354,0.05732889473710007,10.6425,11.03772811534347,10.24727188465653,0.0742735476332571,0.4968372695375848,0.28000000000000114,0.36996852481192466,3.4771477895857577
20251020,10.62,10.71,10.55,10.71,33473.0,48.785985543374515,-0.0941754238646233,-0.1486729655510875,0.0544975416864642,10.635000000000002,11.018364605894558,10.251635394105445,0.07209489532572752,0.5978181068972078,0.16000000000000014,0.35497077303964436,3.31438630289117
20251021,10.71,10.9,10.64,10.9,43559.0,52.59694412121447,-0.0694894250114082,-0.13283625744315164,0.06334683243174344,10.644499999999999,11.04473545701585,10.244264542984148,0.07520042407174622,0.8191871128872552,0.2599999999999998,0.3481871463939555,3.1943774898528026
20251022,10.84,11.05,10.83,10.94,40418.0,53.383404833423484,-0.04616575724878835,-0.115502157404279,0.06933640015549064,10.6425,11.036019878452027,10.248980121547973,0.0739525259012501,0.877998693700383,0.22000000000000064,0.33903092165153015,3.0990029401419577
20251023,10.91,11.06,10.84,11.06,53333.0,55.75500141735998,-0.01779347330657899,-0.095960420584739,0.07816694727816001,10.6495,11.067992281259452,10.231007718740548,0.07859378961631097,0.9904511007522071,0.22000000000000064,0.3305287129621352,2.988505542153121
20251024,11.02,11.28,11.0,11.21,67006.53,58.590900357878176,0.016604110674428796,-0.07344751433290544,0.09005162500733424,10.675,11.162852436706077,10.187147563293925,0.09140092490980345,1.0483215412556501,0.27999999999999936,0.32691951917912554,2.9163204208664184
20251027,10.95,10.95,10.7,10.77,102248.0,48.72523069544043,0.00826484899944191,-0.05710504166643598,0.0653698906658779,10.682,11.171149638067032,10.192850361932969,0.0915839052737374,0.5899520240347597,0.5100000000000016,0.3399966963806167,3.1568866887708142
20251028,10.75,10.95,10.71,10.74,56033.03,48.13016216401033,-0.0007561092815251413,-0.04583525518945381,0.04507914590792867,10.697,11.17312912888047,10.220870871119528,0.08902105803131177,0.5451558173946504,0.23999999999999844,0.33285407521057253,3.099199955405703
20251029,10.75,10.78,10.38,10.51,80148.0,43.72156843857135,-0.02616277335599726,-0.04190075882276251,0.015737985466765247,10.713000000000001,11.135927143159561,10.29007285684044,0.07895587476142261,0.260005945133422,0.3999999999999986,0.3376502126955315,3.212656638397065
20251030,10.52,10.59,10.38,10.39,50687.0,41.581531228574356,-0.05534277770658491,-0.04458916259952699,-0.01075361510705792,10.7035,11.147039590590408,10.259960409409592,0.08287748691370263,0.14659299118857602,0.20999999999999908,0.32853234036013634,3.1620052007712833
20251031,10.39,10.77,10.38,10.7,65839.54,48.58311777451291,-0.05284457282221133,-0.046240244644063865,-0.006604328178147469,10.715,11.144761255631728,10.285238744368272,0.08021675326770476,0.48254845009474934,0.3899999999999988,0.3329228874772694,3.111428854927752
20251103,10.7,10.95,10.64,10.93,68184.0,53.07663363839072,-0.0319374940914674,-0.04337969453354457,0.011442200442077173,10.738,11.161747690569767,10.314252309430232,0.07892488183456273,0.7265499072594811,0.3099999999999987,0.33128553837175007,3.0309747335018304
20251104,10.92,10.97,10.8,10.87,38133.0,51.80471901429233,-0.01997966894240477,-0.03869968941531662,0.018720020472911846,10.7555,11.170151407176844,10.340848592823155,0.07710499877771268,0.6380677817779196,0.16999999999999993,0.31976514277376794,2.9417216446528793
20251105,10.87,10.92,10.74,10.84,40514.0,51.144769814432465,-0.012776476373284495,-0.03351504680691019,0.020738570433625696,10.7665,11.177674185141004,10.355325814858997,0.07638028795634677,0.5893781791952648,0.17999999999999972,0.30978191828992735,2.857766773892319
20251106,10.84,10.99,10.73,10.98,48580.69,54.08440136169952,0.004180742606777699,-0.025975888924172616,0.030156631530950315,10.79,11.193093302507455,10.386906697492543,0.07471608943604369,0.7356774459140102,0.2599999999999998,0.30622606698350396,2.788944143747759
20251107,10.96,11.16,10.82,10.86,57702.01,51.238523011901066,0.007846019669711879,-0.019211507205395717,0.027057526875107596,10.7985,11.199880512468562,10.39711948753144,0.07434004953809537,0.5766105952949271,0.33999999999999986,0.3086384907703965,2.8419750531344063
20251110,10.89,11.39,10.87,11.38,120092.63,60.851647667630694,0.05210974364016252,-0.00494725703628407,0.05705700067644659,10.837,11.304517520077052,10.369482479922947,0.0862817237384982,1.0807268997218629,0.5300000000000011,0.3244500271439397,2.8510547200697687
20251111,11.38,11.8,11.2,11.53,128900.21,63.11086882979677,0.09816126819091231,0.01567444800915521,0.0824868201817571,10.886,11.426580584576527,10.345419415423471,0.0993166607709954,1.0956558729393577,0.6000000000000014,0.34413216806222985,2.9846675460731125
20251112,11.59,11.68,11.35,11.5,67917.0,62.336051672459156,0.1307297131444507,0.038685501036214306,0.09204421210823639,10.911,11.516167223518506,10.305832776481493,0.11092791192713897,0.986642350337062,0.33000000000000007,0.3431227274863563,2.983675891185707
20251113,11.49,11.75,11.4,11.64,69762.21,64.524873861536,0.16592459493831235,0.06413331981663392,0.10179127512167843,10.955000000000002,11.637024849061154,10.27297515093885,0.1245138930280515,1.0021811162327456,0.34999999999999964,0.34361396123733084,2.952009976265729
20251114,11.55,11.76,11.52,11.54,61123.2,61.76381662307011,0.1836308459740934,0.08803282504812583,0.09559802092596757,11.0,11.712593484171904,10.287406515828096,0.12956245166761898,0.8788976548301772,0.2400000000000002,0.33621296400609296,2.913457227089194
20251117,11.74,11.98,11.56,11.74,81009.0,64.990448852822,0.2113650216178069,0.11269926436206205,0.09866575725574485,11.051499999999999,11.822344376402668,10.28065562359733,0.13950040743838743,0.946588196707779,0.4400000000000013,0.34362632371994356,2.9269703894373387
20251118,11.8,11.86,11.41,11.48,57566.0,58.123628499705816,0.2099446176735036,0.13214833502435036,0.07779628264915323,11.0805,11.870742467787437,10.290257532212564,0.1426366080569354,0.7527705206216906,0.4499999999999993,0.35122444345423326,3.0594463715525544
20251119,11.48,11.67,11.25,11.27,58297.82,53.231421308579634,0.18968709757271363,0.14365608753402304,0.04603101003869059,11.097,11.888669787620834,10.305330212379165,0.1426817676166234,0.6092627271528879,0.41999999999999993,0.3561369832075023,3.1600442165705624
20251120,11.36,11.43,11.13,11.25,38020.01,52.77582256406977,0.1700587032194143,0.1489366106711013,0.021122092548312987,11.1065,11.900855746899094,10.312144253100907,0.14304339745177924,0.5903247698277359,0.29999999999999893,0.35212719869268067,3.130019543934939
20251121,11.15,11.39,10.65,10.67,61588.83,41.64433775815779,0.10647453438740584,0.14044419541436223,-0.033969661026956394,11.0795,11.89545859028058,10.26354140971942,0.14729159082640556,0.24906814826277732,0.7400000000000002,0.3798323987860606,3.55981629602681
20251124,10.72,10.95,10.62,10.74,53122.0,43.20141561433009,0.06102853847187362,0.12456106402586452,-0.0635325255539909,11.078,11.896460686127856,10.259539313872143,0.14776325801188964,0.29351482256339056,0.33000000000000007,0.37627294172991343,3.5034724555857863
20251125,10.8,11.23,10.8,11.13,54235.0,51.039725371508375,0.05583833040731889,0.1108165173021554,-0.05497818689483651,11.0975,11.900491118781611,10.29450888121839,0.14471567808634572,0.5202368365227459,0.4900000000000002,0.3843963030349196,3.4536954450576784
20251126,11.13,11.3,10.93,10.95,57522.01,47.763500946302045,0.03677661946890787,0.0960085377355059,-0.05923191826659803,11.119499999999999,11.877571653327694,10.361428346672303,0.1363499533841801,0.38820318022976597,0.370000000000001,0.38336799567528257,3.5010775860756405
20251127,10.95,11.11,10.81,10.83,37026.0,45.65929640273023,0.011850474209824213,0.07917692503036956,-0.06732645082054535,11.1415,11.83305126917299,10.44994873082701,0.12413970635425932,0.2747817017438808,0.29999999999999893,0.37741313884133376,3.4848858618775047
20251128,10.81,11.0,10.72,11.0,36476.0,49.08160277186668,0.00574764844604303,0.06449106971350425,-0.058743421267461224,11.1565,11.820182707957757,10.492817292042242,0.11897686693098335,0.3820972747040741,0.27999999999999936,0.37045505749552415,3.3677732499593107
20251201,11.0,11.07,10.88,10.92,43783.0,47.56352706878176,-0.0054810343996098965,0.05049664889088143,-0.055977683290491326,11.156,11.820415849489361,10.49158415051064,0.11911363382742211,0.3224003835990823,0.1899999999999995,0.3575654105315581,3.2744085213512646
20251202,10.92,10.92,10.66,10.77,40403.0,44.76760834853097,-0.02618178552484096,0.035160962007736954,-0.061342747532577915,11.151,11.825900382512728,10.476099617487272,0.12104750829750305,0.2177361208616482,0.2599999999999998,0.3505964526364468,3.2553059669122266
20251203,10.78,10.87,10.58,10.64,44495.0,42.43922385098905,-0.05247232517537981,0.0176343045711136,-0.07010662974649341,11.141,11.84077139124148,10.44122860875852,0.12562093012143977,0.1420259485664568,0.28999999999999915,0.34626813459098627,3.25439976119348
20251204,10.61,10.64,10.3,10.34,43584.01,37.58155270395753,-0.0964039750420369,-0.0051733513515165004,-0.0912306236905204,11.109,11.893209961144292,10.324790038855708,0.14118461808340838,0.0096976332219103,0.33999999999999986,0.3458204106916301,3.344491399338782
20251205,10.34,10.44,10.24,10.36,29146.0,38.090312418248544,-0.1281292964470584,-0.02976454037062488,-0.09836475607643351,11.084,11.930998415458678,10.237001584541321,0.15283262639095602,0.07260840942191743,0.1999999999999993,0.33540466707079936,3.237496786397678
20251208,10.36,10.49,10.35,10.47,29338.02,40.94152347329681,-0.14275022579347585,-0.05236167745519508,-0.09038854833828078,11.0385,11.915775087385597,10.161224912614404,0.15894824249410636,0.1759853276500702,0.14000000000000057,0.3214471908514566,3.0701737426118108
20251209,10.43,10.51,10.31,10.36,26128.01,39.00689821202094,-0.16135351544330767,-0.0741600450528176,-0.08719347039049007,10.98,11.875133039215275,10.084866960784726,0.16304791242536867,0.15368276399252942,0.1999999999999993,0.312772391504924,3.019038528039807
20251210,10.35,10.71,10.27,10.71,60653.01,47.506497452482236,-0.14616972795593064,-0.08856198163344021,-0.057607746322490425,10.9405,11.80832183473461,10.07267816526539,0.158643907451142,0.3671962430684353,0.4400000000000013,0.32186007782600096,3.00522948483661
20251211,10.71,10.84,10.26,10.28,75628.01,40.111015507651366,-0.16690984057458635,-0.10423155342166945,-0.0626782871529169,10.872499999999999,11.722487616008879,10.022512383991119,0.15635550535918694,0.15146551029644095,0.5800000000000001,0.34029864369557233,3.3102980904238555
20251212,10.28,10.44,10.08,10.15,64692.01,38.17608896037215,-0.1916274804829392,-0.12171073883392342,-0.06991674164901579,10.803,11.650487928807086,9.955512071192915,0.15689862608665842,0.11474377521863002,0.35999999999999943,0.34170588343160285,3.366560427897565
20251215,10.14,10.24,9.99,10.13,36519.47,37.87339317847446,-0.21040480541987705,-0.13944955215111415,-0.0709552532687629,10.7225,11.498043951722062,9.946956048277938,0.14465730039115168,0.11801004399274945,0.25,0.33515546318648837,3.308543565513212
20251216,10.24,10.24,9.81,9.88,39118.0,34.22081150677812,-0.2426616291691026,-0.16009196755471186,-0.08256966161439075,10.6425,11.4191290179867,9.8658709820133,0.1459486056822551,0.009096375270221101,0.4299999999999997,0.34193007295888206,3.4608306979643926
20251217,9.78,9.9,9.62,9.86,36834.0,33.93881929176777,-0.26676413633252416,-0.18142640131027432,-0.08533773502224984,10.572,11.364613266021786,9.779386733978212,0.14994575596325901,0.050852836734864494,0.28000000000000114,0.337506496318962,3.4229867780827794
20251218,9.9,10.15,9.76,9.97,39973.0,37.01310608938319,-0.2738328911034955,-0.19990769926891858,-0.07392519183457694,10.508,11.276446142344568,9.73955385765543,0.14625925815465723,0.1499429365612191,0.39000000000000057,0.34125603229617907,3.4228288093899604
20251219,9.96,10.3,9.9,10.29,40999.0,45.027738828920334,-0.2507234210111946,-0.2100708436173738,-0.040652577393820805,10.489,11.25936969935496,9.718630300645042,0.1468909713709521,0.37084123365273375,0.40000000000000036,0.3454520299893092,3.3571625849301188
20251222,10.34,10.34,10.15,10.15,35493.0,42.480964060634065,-0.24092855502992094,-0.21624238589988323,-0.02468616913003771,10.4595,11.234571473784014,9.684428526215987,0.14820430685673566,0.30034099404473297,0.1899999999999995,0.33434831356150135,3.2940720547931166
20251223,10.14,10.18,9.95,10.03,26464.0,40.373110183999394,-0.2400815397451055,-0.2210102166689277,-0.019071323076177787,10.4045,11.134012454350623,9.674987545649378,0.14023018008565957,0.2433217227707488,0.23000000000000043,0.32689486259282274,3.259171112590456
20251224,10.02,10.21,9.95,10.16,28961.0,43.63594548774656,-0.22631158144794128,-0.22207048962473044,-0.004241091823210835,10.365,11.054607058212776,9.675392941787225,0.13306455537149553,0.35136463036552323,0.26000000000000156,0.32211665812190693,3.170439548443966
20251225,10.25,10.25,10.09,10.19,19469.0,44.3921713383012,-0.21055094082825043,-0.21976657986543446,0.009215639037184031,10.333,10.990398381180684,9.675601618819316,0.12724250095435674,0.3912379433128711,0.16000000000000014,0.31053689682748503,3.047467093498381
20251226,10.17,10.24,10.08,10.08,25207.0,42.15864025047493,-0.20457834842446587,-0.21672893357724077,0.012150585152774895,10.286999999999999,10.87272851624014,9.701271483759857,0.1138774212579259,0.3232969761069893,0.16000000000000014,0.29978426133980757,2.97405021170444
20251229,10.03,10.22,10.03,10.1,28401.0,42.72291229577024,-0.19597214812606545,-0.2125775764870057,0.016605428360940255,10.246,10.754926631047647,9.737073368952354,0.09934152470186351,0.35656085662146064,0.19000000000000128,0.2919425283869643,2.8905200830392506
20251230,10.07,10.15,9.99,10.04,27565.0,41.417522841302244,-0.19178242255750533,-0.20841854570110563,0.0166361231436003,10.2095,10.661744693896932,9.757255306103069,0.08859291716478404,0.3126014497379256,0.16000000000000014,0.2825180620736097,2.8139249210518895
20251231,10.0,10.2,9.93,10.18,30368.0,45.59469136989434,-0.17514622819401993,-0.2017640821996885,0.026617854005668573,10.1865,10.590807074544026,9.782192925455975,0.0793809600047171,0.4919615554497389,0.2699999999999996,0.28162391478263754,2.766443170752825
20260105,10.17,10.34,10.02,10.26,45538.81,47.881615947745544,-0.1537344379867971,-0.19215815335711023,0.03842371537031314,10.182500000000001,10.581966749818505,9.783033250181496,0.07846142888652187,0.5970043189266823,0.3200000000000003,0.28436506372673487,2.7715893150753885
20260106,10.25,10.47,10.21,10.29,37774.03,48.75159120337088,-0.1328136970781557,-0.18028926210131935,0.047475565023163635,10.178999999999998,10.57310925549039,9.784890744509607,0.07743575115244952,0.6408238939502738,0.2599999999999998,0.2826247020319681,2.746595743750905
20260107,10.3,10.35,10.07,10.08,35426.0,43.30263846587129,-0.1316613935505515,-0.17056368839116579,0.03890229484061428,10.1595,10.530925419304193,9.788074580695806,0.07311883838854147,0.39297986100556864,0.27999999999999936,0.2824372233153989,2.8019565805099096
20260108,10.08,10.3,10.08,10.3,38357.01,49.651538897049214,-0.1117083193502868,-0.15879261458299,0.04708429523270319,10.1565,10.522029176602087,9.790970823397911,0.07197935836205151,0.6962907603354112,0.22000000000000064,0.2779774216500133,2.698809918932168
20260109,10.3,10.59,10.18,10.51,51715.01,54.84892584143261,-0.07805040287600029,-0.14264417224159207,0.06459376936559177,10.1465,10.454722407737677,9.838277592262322,0.06075442916033651,1.0896715989406078,0.41000000000000014,0.2874076058178695,2.734610902168121
20260112,10.51,10.73,10.43,10.63,47463.42,57.5458319070328,-0.04121812754286047,-0.12235896330184576,0.08114083575898529,10.164,10.537061304402021,9.790938695597978,0.07340836371547062,1.1245622294530793,0.3000000000000007,0.2883070625451646,2.7122019054107676
20260113,10.69,10.79,10.6,10.64,50273.01,57.77219191975665,-0.0110934887201104,-0.10010586838549869,0.08901237966538829,10.1885,10.617809114496193,9.759190885503806,0.0842732717271814,1.0258448804771463,0.1899999999999995,0.28128512950622425,2.6436572322013556
20260114,10.6,11.2,10.6,10.86,91826.11,62.50830258860649,0.03018471535720124,-0.0740477516369587,0.10423246699415994,10.225,10.747403352935189,9.70259664706481,0.10218158492619839,1.1077679215037308,0.5999999999999996,0.3040504773986368,2.7997281528419595
20260115,10.85,10.85,10.58,10.64,50061.0,55.77196376913802,0.04463134572709393,-0.05031193216414818,0.0949432778912421,10.263,10.79028100966935,9.73571899033065,0.10275377758342592,0.857494384480499,0.27999999999999936,0.302332586155877,2.84147167439734
20260116,10.65,10.71,10.33,10.5,46910.0,51.936244634041294,0.04427322028211478,-0.03139490167489559,0.07566812195701036,10.294999999999998,10.796345557895037,9.793654442104959,0.09739593159689933,0.704449801909804,0.3800000000000008,0.3078802585733144,2.9321929387934706
20260119,10.5,10.58,10.41,10.49,33715.53,51.66292771029395,0.04269037874793291,-0.016577845590329886,0.0592682243382628,10.321,10.805013918895154,9.836986081104845,0.09379205869492388,0.674581756229007,0.16999999999999993,0.2980316686752205,2.841102656579795
20260120,10.55,11.54,10.51,11.54,166207.89,69.69600510972478,0.12472444445479347,0.011682612418694784,0.11304183203609869,10.3835,11.111822513870443,9.655177486129556,0.14028458879384476,1.2939477209444892,1.049999999999999,0.3517436923412761,3.0480389284339355
20260121,11.49,11.49,11.05,11.2,214430.42,61.672643436855,0.16045228004330525,0.041436545943616884,0.11901573409968837,10.436,11.240811844634008,9.631188155365992,0.15423760916711537,0.9746451018917546,0.48999999999999844,0.3616191428883277,3.228742347217212
20260122,11.14,11.34,11.06,11.23,110288.44,62.087367699672285,0.18900882040418132,0.07095100083572978,0.11805781956845154,10.495999999999999,11.350742805268304,9.641257194731693,0.16287019917460088,0.9293689256440116,0.27999999999999936,0.35578920411058995,3.168203064208281
20260123,11.33,11.5,11.19,11.41,113127.42,64.56490452192116,0.22358720592447767,0.10147824185347937,0.1221089640709983,10.558499999999999,11.48922184775838,9.627778152241618,0.17629811957349645,0.9574406424705817,0.3100000000000005,0.3525185466741193,3.0895578148476712
20260126,11.39,11.39,11.11,11.22,82857.01,60.10034207275579,0.23297383610790767,0.12777736070436505,0.10519647540354263,10.61,11.56844171774596,9.651558282254038,0.18066761880225468,0.818224879356558,0.3000000000000007,0.34876722191168225,3.1084422630274706
20260127,11.26,11.63,11.11,11.33,90507.0,61.749430930390744,0.24644798982873795,0.15151148652923963,0.09493650329949832,10.672500000000001,11.648288480099442,9.69671151990056,0.18286033827115308,0.836907031292783,0.5200000000000014,0.3609981346322765,3.1862147805143555
20260128,11.21,11.4,10.94,11.0,77648.5,54.47530975509979,0.22787135254644042,0.1667834597326798,0.06108789281376062,10.7175,11.664714753619116,9.770285246380883,0.17676039255780104,0.6491214103879955,0.46000000000000085,0.3680696964442568,3.3460881494932435
20260129,10.94,11.23,10.81,10.97,64660.0,53.85421300923542,0.20832702017373883,0.17509217182089162,0.03323484835284721,10.764,11.661162779339188,9.86683722066081,0.1666969118058693,0.6148063677762758,0.41999999999999993,0.3717790038410956,3.3890519949051554
20260130,10.99,11.12,10.81,11.06,52367.22,55.493623540722666,0.19781989913901832,0.17963771728451697,0.01818218185450135,10.808,11.67020280921055,9.945797190789449,0.15954900244458753,0.6461373109133898,0.3099999999999987,0.36736621785244583,3.3215752066224757
20260202,11.05,11.14,10.76,10.79,49964.01,49.77994250517801,0.16579500489085675,0.17686917480578493,-0.011074169914928184,10.8345,11.65747214891804,10.01152785108196,0.15191695951230616,0.4729638481335577,0.3800000000000008,0.3682686308629855,3.41305496629273
20260203,10.97,11.06,10.75,10.89,47933.0,51.76097828586473,0.14679208199111926,0.17085375624285182,-0.024061674251732557,10.864500000000001,11.646628674297226,10.082371325702777,0.14397877017759203,0.5163016654663071,0.3100000000000005,0.36410658580134375,3.343494819112431
20260204,10.93,10.94,10.69,10.77,39188.0,49.25030628574145,0.12065825827205323,0.1608146566486921,-0.04015639837663887,10.899,11.591118030700756,10.206881969299243,0.127005785980504,0.40680780280395995,0.25,0.3559561153869621,3.3050707092568437
20260205,10.85,11.01,10.75,10.9,39363.0,51.96838175889017,0.10917838774261845,0.1504874028674774,-0.04130901512485893,10.929,11.56121914921301,10.296780850786991,0.11569569937103287,0.47706491488268005,0.2599999999999998,0.3491021071450362,3.202771625183818
20260206,10.86,10.99,10.7,10.87,35440.01,51.285748614314194,0.0965468266412941,0.13969928762224074,-0.04315246098094663,10.947,11.548755327092541,10.345244672907457,0.10993976926875715,0.4360205082254649,0.2900000000000009,0.344880528063248,3.1727739472239924
20260209,11.05,11.15,10.92,11.06,32490.0,55.29125718344651,0.1007067508309536,0.1319007802639833,-0.031194029433029707,10.9685,11.553047508311964,10.383952491688037,0.10658659038372863,0.5782656659201495,0.28000000000000114,0.3402462046301589,3.0763671304715996
20260210,11.1,11.17,10.99,11.11,32033.0,56.30935882381573,0.10680689940312504,0.12688200409181166,-0.020075104688686618,10.992,11.558451558759526,10.425548441240476,0.10306614970151468,0.6041571853543906,0.17999999999999972,0.3288000471565761,2.95949637404659
20260211,11.18,11.18,10.96,11.08,37537.01,55.49283006257927,0.10797588304909489,0.12310077988326831,-0.015124896834173424,11.003,11.567198546612842,10.438801453387159,0.10255358477012477,0.5682383891825568,0.21999999999999886,0.32102861521682063,2.897370173437009
20260212,11.04,11.2,10.82,10.98,44981.01,52.74712955476246,0.0996840510560606,0.11841743411782678,-0.01873338306176618,11.02,11.55802758684901,10.48197241315099,0.09764566004519236,0.4628271849086201,0.379999999999999,0.3252408569870477,2.962120737586955
20260213,10.97,11.2,10.95,11.1,38749.21,55.58696190341786,0.10162425047968249,0.11505879739019793,-0.013434546910515446,11.05,11.529692884206069,10.570307115793932,0.08682224148526124,0.5521166788650128,0.25,0.3198665100594014,2.8816802708054183
20260224,11.19,11.52,11.19,11.49,86124.82,63.305477579277,0.13309734973773857,0.11866650785970606,0.014430841878032508,11.1,11.540812646680793,10.659187353319206,0.07942570210464749,0.9423648038873212,0.41999999999999993,0.3270189021980156,2.8461175126023983
20260225,11.49,11.89,11.4,11.64,100871.43,65.76951710162894,0.1682047938887763,0.1285741650655201,0.039630628823256187,11.105,11.568510631229966,10.641489368770035,0.08347782642592805,1.0771172913341076,0.4900000000000002,0.33866040918387164,2.9094536871466636
20260226,11.64,11.92,11.56,11.76,90396.43,67.64153098658946,0.20336641202547234,0.14353261445751056,0.05983379756796178,11.133,11.680687963409092,10.585312036590906,0.09839000510358265,1.0724062257067226,0.35999999999999943,0.3401846656707379,2.8927267489008326
20260227,11.76,11.85,11.61,11.66,50012.0,64.47703509778418,0.22061991441717943,0.15895007444944434,0.06166983996773509,11.1545,11.749902561739836,10.559097438260165,0.1067555805710404,0.9245027083212997,0.2400000000000002,0.3330286181228281,2.856163105684632
20260302,11.23,11.43,10.65,10.98,145873.01,48.024084389623034,0.1773784144173245,0.16263574244302037,0.014742671974304122,11.133,11.720558731666832,10.545441268333166,0.10555263301299442,0.36980024995462485,1.0099999999999998,0.3813837168283403,3.4734400439739557
20260303,11.0,11.25,10.7,10.72,84954.01,43.457870051137384,0.12073759915342386,0.15425611378510107,-0.03351851463167721,11.108,11.721929534787384,10.494070465212618,0.11053826697648235,0.1840028227878199,0.5500000000000007,0.3934277370548875,3.6700348605866364
20260304,10.71,10.93,10.6,10.81,54536.01,45.39338401361731,0.08216445216143953,0.13983778146036877,-0.05767332929892924,11.081999999999999,11.700371375384387,10.46362862461561,0.11159923757162755,0.280067439383882,0.33000000000000007,0.38889718440810983,3.5975687734330233
20260305,10.95,11.06,10.8,10.96,52669.5,48.554256836495966,0.06297279053340077,0.12446478327497518,-0.06149199274157441,11.08,11.699745278744711,10.46025472125529,0.11186737883478536,0.4031860313296309,0.2599999999999998,0.3796902426646734,3.4643270316119827
20260306,10.9,12.0,10.86,11.87,146667.01,62.67119853901019,0.11981154235720659,0.12353413509142147,-0.00372259273421488,11.125,11.835211236182618,10.414788763817382,0.12767842448226832,1.0244918427398946,1.1400000000000006,0.43399808247433963,3.6562601724881185
20260309,11.86,12.55,11.53,12.41,223908.0,68.24051262330913,0.2060548773489952,0.14003828354293624,0.06601659380605895,11.192499999999999,12.10461437417628,10.280385625823717,0.16298670970315512,1.1674053355970346,1.0200000000000014,0.47585536229760117,3.8344509451861497
20260310,12.42,12.88,12.23,12.4,181867.01,68.03807064242179,0.27047851727305705,0.1661263302889604,0.10435218698409665,11.273,12.311036608217668,10.234963391782331,0.18416332976451136,1.0428517602741798,0.6500000000000004,0.4882942649906297,3.937856975730885
20260311,12.38,12.89,12.3,12.6,154650.0,69.95765335289124,0.3338249187261191,0.19966604797639215,0.13415887074972693,11.3585,12.536031315931783,10.180968684068215,0.20733922893547282,1.027162200785122,0.5899999999999999,0.4955589603484419,3.933007621813031
20260312,12.48,12.71,12.12,12.19,98228.0,61.767826729865284,0.34694446495030107,0.22912173137117395,0.11782273357912712,11.4295,12.628665938212249,10.230334061787753,0.20983698993171146,0.8170953976285277,0.5900000000000016,0.5023047488949819,4.120629605373108
20260313,12.19,12.41,12.05,12.09,73983.01,59.92514884819318,0.3452923206535736,0.2523558492276539,0.09293647142591971,11.489,12.695611610646694,10.282388389353308,0.21004641146256295,0.7490445122096449,0.35999999999999943,0.4921401239739117,4.07063791541697
20260316,12.01,12.58,12.01,12.35,91818.03,63.014561397444666,0.3608036911258985,0.27404541760730283,0.08675827351859566,11.562999999999999,12.791111087037853,10.334888912962144,0.2124208400999489,0.8204107544938005,0.5700000000000003,0.4977015436900609,4.029972013684704
20260317,12.41,12.69,11.8,11.85,68060.69,54.33901064062555,0.328958711397652,0.2850280763653727,0.043930635032279286,11.6025,12.813187060265687,10.391812939734312,0.2086941711296165,0.6022146878920496,0.8899999999999988,0.5257228619979136,4.43647984808366
20260318,11.66,12.57,11.66,12.26,101774.01,59.2886156582639,0.33296667643794287,0.2946157963798868,0.03835088005805609,11.66,12.881388338606623,10.438611661393377,0.2095005726597981,0.7456221256723673,0.9100000000000001,0.5531712289980627,4.512000236525797
20260319,12.11,12.43,11.85,11.91,72749.0,53.915707629795925,0.30439210002862005,0.29657105710963344,0.00782104291898661,11.7015,12.896018621387771,10.506981378612227,0.20416504232581667,0.5872736499317897,0.5800000000000001,0.5550875697839154,4.660684884835561
20260320,11.89,12.57,11.33,11.45,118337.0,47.78633167469537,0.24184059885289777,0.2856249654582863,-0.043784366605388536,11.725,12.877507563624015,10.572492436375985,0.1965897763111326,0.38069492614205774,1.2400000000000002,0.6040098862279214,5.275195512907611
20260323,11.38,11.38,10.61,10.67,117147.0,39.57140211581427,0.12785477201889428,0.25407092677040793,-0.12621615475151365,11.703500000000002,12.919399493768877,10.487600506231127,0.20778390973108468,0.07500599132725054,0.8399999999999999,0.620866322925927,5.818803401367639
20260324,10.95,11.74,10.95,11.74,139947.0,51.8099835875436,0.122448727952154,0.22774648700675715,-0.10529775905460315,11.716,12.927791192713034,10.504208807286965,0.20686090691584752,0.5099026961675914,1.0700000000000003,0.6529472998597894,5.561731685347439
20260325,11.91,12.91,11.9,12.91,329760.13,61.08978985338552,0.21015112957562287,0.2242274155205303,-0.014076285944907424,11.779499999999999,13.102518478607491,10.456481521392506,0.22463066829788916,0.9272427098636894,1.17,0.6898796355840902,5.343761700883735
20260326,13.0,13.38,12.74,12.92,338494.11,61.15863528668849,0.27726667353046963,0.23483526712251818,0.042431406407951455,11.8375,13.255235406982054,10.419764593017947,0.23953290931058988,0.8817708137459609,0.6400000000000006,0.6863168044709409,5.31204957020852
20260327,13.17,14.21,12.72,14.21,239580.24,68.82220839556061,0.4295963256485926,0.2737874788277331,0.15580884682085955,11.965,13.7313223762502,10.1986776237498,0.29524820330132884,1.1355012058348053,1.4900000000000002,0.7437227470087309,5.2337983603710825
20260330,14.21,15.63,14.2,15.63,533449.58,74.73220781242888,0.6573235878420096,0.3504947006305884,0.3068288872114212,12.197500000000002,14.546088601916626,9.848911398083377,0.38509343749401503,1.2307580385084944,1.4300000000000015,0.7927425507938216,5.071929307701993
20260331,15.18,15.8,14.5,14.67,374833.24,65.66921776045989,0.7516703193286816,0.43072982437020707,0.3209404949584745,12.395,14.880770027894577,9.909229972105422,0.401092380458988,0.9576046807368787,1.3000000000000007,0.8289752257371201,5.650819534677029
20260401,15.0,15.33,14.27,15.0,329088.2,67.14425309859769,0.8433474414982545,0.5132533477958166,0.3300940937024379,12.6045,15.230142577992765,9.978857422007234,0.4166198703626111,0.9561740467035115,1.0600000000000005,0.8454769953273259,5.636513302182173
20260402,14.8,15.15,13.89,14.09,279883.0,59.546470130654065,0.8329708569701619,0.5771968496306856,0.2557740073394763,12.761,15.346749611356763,10.175250388643235,0.4052581476932473,0.7569854393795429,1.2599999999999998,0.8750857813753741,6.210686879882002
20260403,14.4,14.4,13.52,14.0,211973.0,58.83735463559357,0.8081690217191468,0.6233912840483778,0.184777737670769,12.867500000000001,15.474105980358786,10.260894019641217,0.40514567404061147,0.7172365153255952,0.8800000000000008,0.8754367969914189,6.253119978510134
20260407,13.97,14.2,13.53,14.01,197823.6,58.89592635758697,0.7803252018305251,0.6547780676048073,0.12554713422571784,12.9475,15.592908136852685,10.302091863147314,0.40863612849626346,0.7008196741361968,0.6699999999999999,0.8607627400634604,6.143916774186013
20260408,14.5,14.55,13.7,14.4,236559.0,61.213908183418475,0.7807287594467862,0.6799682059732031,0.10076055347358315,13.0475,15.756214008334481,10.338785991665517,0.4152081254392768,0.7496572166420068,0.8500000000000014,0.8599939729160705,5.972180367472712
20260409,14.4,15.3,13.86,15.08,263216.64,64.92770651863671,0.8263927574715293,0.7092531162728684,0.11713964119866094,13.1715,16.0175371340552,10.325462865944798,0.4321508004487265,0.8352907762803253,1.4400000000000013,0.901422974850637,5.977605934022792
20260410,15.35,15.95,14.61,14.79,281179.99,62.19271743188086,0.8296179096849698,0.7333260749552887,0.09629183472968117,13.3015,16.195881308310092,10.40711869168991,0.4351962272390469,0.7571361271105416,1.3399999999999999,0.9327499052184487,6.3066254578664545
20260413,14.51,14.78,14.08,14.5,171598.21,59.49384559861867,0.7995565000552158,0.7465721599752742,0.05298434007994168,13.422,16.304656669408327,10.539343330591674,0.4295420458066349,0.6869802969323541,0.7099999999999991,0.9168391977028452,6.323028949674795
20260414,14.83,15.95,14.56,15.95,268952.4,67.16605548681122,0.8825618742762895,0.7737701028354773,0.1087917714408122,13.601999999999999,16.647781206504305,10.55621879349569,0.44784314167097605,0.8854511931102955,1.4499999999999993,0.9549221121526419,5.986972489985216
20260415,16.4,16.44,15.46,15.96,339340.8,67.21217967009136,0.9383346104976287,0.8066830043679076,0.13165160612972104,13.807500000000001,16.9096478128277,10.7053521871723,0.4493424316969328,0.8469370465035857,0.9800000000000004,0.9567133898560246,5.994444798596645
20260416,15.96,16.41,15.31,16.27,233692.4,68.68097163037442,0.9960672715200722,0.8445598577983406,0.1515074137217316,14.008000000000001,17.205891410552326,10.810108589447678,0.45658072680644257,0.853670545618889,1.0999999999999996,0.9669481477234514,5.94313551151476
20260417,16.19,17.57,16.18,17.07,234362.1,72.14842391144491,1.0937658831870003,0.8944010628760726,0.19936482031092773,14.266,17.58163695555662,10.950363044443382,0.46483064006121105,0.9228448466441456,1.3900000000000006,0.9971661371717764,5.841629391750301
20260420,17.36,17.47,16.41,16.58,180989.01,67.23811811802221,1.1187574919495553,0.9392723486907691,0.17948514325878617,14.522499999999999,17.712212905741325,11.332787094258673,0.43927876133466354,0.8225211893359745,1.0599999999999987,1.0016542702309352,6.041340592466438
20260421,16.34,16.62,15.7,16.18,182666.0,63.4422685780842,1.0936796071686583,0.970153800386347,0.12352580678231129,14.797999999999998,17.501421613632022,12.094578386367974,0.36537662030436874,0.7556020106207734,0.9200000000000017,0.9958218223572971,6.15464661531086
20260422,15.91,16.88,15.65,16.54,188779.6,65.33881732468694,1.090286055193097,0.994180251347697,0.09610580384540002,15.038,17.433017635359782,12.642982364640218,0.31852874522672986,0.8135676284434471,1.2299999999999986,1.0125488350460616,6.1218188334102885
20260423,16.41,16.69,16.07,16.12,125391.6,61.34061842750301,1.0416981035861141,1.0036838217953805,0.03801428179073363,15.198500000000001,17.416780747264507,12.980219252735496,0.29190785238865746,0.7077059004222878,0.620000000000001,0.9845096325427716,6.107379854483694
20260424,15.83,17.28,15.83,16.87,198113.51,65.41093849251038,1.0515884765027366,1.013264752736852,0.038323723765884665,15.396,17.457980652316234,13.334019347683768,0.26785926894209316,0.8574233342937162,1.450000000000001,1.0177589445040023,6.03295165681092
20260427,17.02,18.28,17.02,17.49,220299.01,68.37520025604472,1.096812119369007,1.029974226063283,0.0668378933057241,15.559999999999999,17.743006135922172,13.376993864077825,0.2805920483190455,0.9420509792073269,1.4100000000000001,1.0457761627537165,5.9792805188891744
20260428,17.03,17.45,16.5,17.08,131227.75,64.44219139875605,1.0870379122771219,1.0413869633060509,0.045650948971071026,15.632500000000002,17.919146590879127,13.345853409120878,0.2925503394695825,0.8165115251682793,0.9899999999999984,1.041792151128451,6.099485662344561
20260429,16.91,18.78,16.91,18.35,192950.0,70.16663302493555,1.1683027025922872,1.0667701111632981,0.10153259142898907,15.8165,18.355370656517678,13.277629343482323,0.3210407683770338,0.9989423138780447,1.870000000000001,1.100949854619276,5.999726728170441
20260430,18.36,18.73,16.52,17.56,365683.08,63.33605855822243,1.1556377639207813,1.084543641714795,0.07109412220598643,15.9445,18.566804932286654,13.322195067713343,0.32892908931439124,0.8080305383461412,2.210000000000001,1.1801677221464706,6.720772905162134
20260506,17.37,19.32,17.37,18.72,354881.91,68.22707743296496,1.2250810425807614,1.1126511218879882,0.11242992069277324,16.176,18.923465051738876,13.428534948261122,0.3396964702941243,0.9629722220469913,1.9499999999999993,1.2351557419931511,6.598054177313842
20260507,19.29,20.59,19.28,20.59,413527.68,74.20180167894931,1.4147009213875172,1.1730610817878941,0.2416398395996231,16.505499999999998,19.69867347510364,13.312326524896356,0.38692235619686066,1.1395675073474407,1.870000000000001,1.280501760422212,6.219046918029199
20260508,20.79,21.4,19.63,20.4,385224.1,72.70581905010341,1.531984861519451,1.2448458377342055,0.28713902378524536,16.825,20.237999915185004,13.412000084814995,0.4057057848659738,1.023732799419981,1.7699999999999996,1.315465920392054,6.4483623548630105
20260511,20.37,20.4,18.86,19.23,370508.05,64.13148602094094,1.5130821381297146,1.2984930978133074,0.21458904031640724,17.066499999999998,20.440320417646223,13.692679582353772,0.3953734412616794,0.8206305807926474,1.5399999999999991,1.3315040689354787,6.924098122389384
20260512,19.09,19.37,18.3,19.07,255520.74,63.03666479769375,1.4682656780593533,1.3324476138625165,0.13581806419683673,17.266,20.617024352422188,13.91497564757781,0.3881645259379346,0.7691714249548848,1.0700000000000003,1.3128252068686588,6.884243350124063
20260513,18.8,19.96,17.16,18.25,527002.95,57.60868275154468,1.3510075890804742,1.336159608906108,0.014847980174366171,17.439,20.603892282194604,14.274107717805396,0.36296717497501046,0.6281244237857023,2.8000000000000007,1.4190519778066117,7.775627275652668
20260514,17.8,18.22,16.43,16.43,337064.83,47.775527702412624,1.09855743288243,1.2886391737013725,-0.19008174081894258,17.5355,20.42914803446595,14.641851965534048,0.3300331367187649,0.308978150273893,1.8200000000000003,1.4476911222489968,8.811266720931203
20260515,15.76,17.28,15.7,16.44,273108.72,47.82822081886438,0.8890473967400041,1.208720818309099,-0.31967342156909484,17.56,20.405014105968213,14.714985894031782,0.3240334972628947,0.3031644205822245,1.5800000000000018,1.4571417563740685,8.863392678674382
20260518,16.26,17.3,16.01,17.15,270337.56,51.56487799454933,0.7714079394006106,1.1212582425274014,-0.3498503031267908,17.6195,20.371888245257527,14.86711175474247,0.31242523854337845,0.41471043360089793,1.2899999999999991,1.4452030594902066,8.426839997027443
20260519,16.96,17.31,15.44,15.44,220703.6,43.48649471291255,0.534039043315321,1.0038144026849853,-0.4697753593696643,17.578,20.438950155013874,14.717049844986123,0.3255148657428462,0.1263479116801268,1.8699999999999992,1.475545698098049,9.556643122396691
20260520,15.33,15.4,13.9,13.9,221440.6,37.75057200653392,0.21913134360957898,0.8468777908699041,-0.6277464472603251,17.4195,20.71690232687238,14.12209767312762,0.37858748263410313,-0.033677672772536846,1.5399999999999991,1.4801495768053312,10.648558106513175
20260521,13.66,14.32,13.38,13.5,291117.53,36.407307903921826,-0.061997268337762534,0.6651027790283708,-0.7271000473661333,17.2655,20.988246439476075,13.542753560523924,0.43123528881017936,-0.005742206892009076,0.9399999999999995,1.441567464176379,10.678277512417623
20260522,13.71,14.85,13.62,14.85,114047.0,43.68985019772952,-0.1738558985718619,0.4973110435083243,-0.6711669420801862,17.199,21.048740387692632,13.349259612307371,0.4476702584676586,0.1949144924798563,1.3499999999999996,1.4350269310209234,9.663481016975915
20260525,16.34,16.34,14.94,16.34,407266.95,50.43631934151504,-0.1406527638712589,0.36971828203240764,-0.5103710459036666,17.189,21.046978199714705,13.331021800285296,0.4488891965460125,0.3899682740479478,1.4900000000000002,1.4389535788051433,8.806325451683863
20260526,15.6,16.98,15.44,16.16,319088.01,49.662237186900896,-0.12739500575687046,0.270295624474552,-0.3976906302314225,17.191,21.046685617234317,13.335314382765679,0.4485702538810214,0.36630134010516996,1.540000000000001,1.4461711803190618,8.949079086132809
20260527,16.1,17.2,16.1,16.26,278972.86,50.12025260034206,-0.10757887041646086,0.19472072549634944,-0.3022995959128103,17.1605,21.036474444541277,13.284525555458721,0.45173211089901555,0.3838356634074026,1.0999999999999979,1.4214446674391288,8.741972124471886
20260528,16.13,16.52,15.33,15.59,196494.0,47.03249174391391,-0.14427473166922766,0.12692163406323403,-0.2711963657324617,17.0655,21.000163631714543,13.130836368285458,0.46112491655264043,0.3124998553742895,1.1899999999999995,1.4049129054791911,9.011628643227654
20260529,15.65,15.68,14.38,14.56,169865.0,42.679418221316126,-0.25354613599354003,0.05082808005187922,-0.30437421604541925,16.9395,21.030498977215608,12.848501022784388,0.48301295518942233,0.20917861221032155,1.299999999999999,1.3974191265163918,9.597658835964229
20260601,13.36,16.02,13.36,16.02,244260.64,49.775433269662784,-0.2198009839855981,-0.0032977327556162482,-0.21650325122998185,16.823,20.87741461801048,12.76858538198952,0.4820085142971503,0.4009721407829231,2.66,1.4876034746223639,9.285914323485418
20260602,16.0,16.1,14.8,15.24,205456.19,46.465914436559,-0.25307984228153124,-0.053254154660799254,-0.199825687620732,16.707,20.805149004509,12.608850995491,0.4905906511652601,0.3210167567863041,1.3000000000000007,1.4742032264350522,9.673249517290367
20260603,15.24,15.55,14.77,14.99,107398.0,45.423452896150884,-0.2962119410343984,-0.1018457119355191,-0.1943662290988793,16.5205,20.572158399899216,12.46884160010078,0.4905006991191815,0.31112672282070136,0.7800000000000011,1.4246172816896914,9.503784400865186
20260604,14.92,15.03,14.57,14.75,83791.0,44.393770003753815,-0.34577456038739207,-0.15063148162589368,-0.1951430787614984,16.2285,19.86585748499985,12.591142515000152,0.44826786024584514,0.2967617967030724,0.4599999999999991,1.3557160472832848,9.191295235818881
20260605,14.5,14.9,13.92,14.0,124054.0,41.24709813262347,-0.44049428141452474,-0.2086040415836199,-0.23189023983090484,15.908499999999998,19.09931098419231,12.717689015807686,0.401145423414189,0.20093809858137124,0.9800000000000004,1.3288791867630503,9.491994191164645
20260608,13.39,15.4,13.39,15.4,140081.0,48.57463878778265,-0.3980040995250764,-0.24648405317191122,-0.1515200463531652,15.717000000000002,18.502444120309836,12.931555879690167,0.3544498467022757,0.4430970455144618,2.01,1.3775306734228323,8.945004372875534
20260609,16.17,16.17,15.1,15.72,219849.76,50.10636343328341,-0.3346513461982994,-0.26411751177718884,-0.07053383442111055,15.5495,17.84595470465379,13.253045295346212,0.2953734466900914,0.5371224391350895,1.070000000000002,1.3555641967497731,8.623181913166496
20260610,15.78,16.18,14.82,14.87,129984.0,46.17232395119901,-0.3490085754015553,-0.28109572450206216,-0.06791285089949312,15.380500000000001,17.308023363227974,13.452976636772028,0.25064508477981506,0.36757618357863087,1.3599999999999994,1.355881039839075,9.118231606180734
20260611,15.02,15.48,14.55,14.85,95461.0,46.08064700219022,-0.3578752526929776,-0.2964516301402453,-0.061423622552732315,15.3015,17.176715356053577,13.426284643946422,0.24510216071020194,0.37961382714191566,0.9299999999999997,1.3254609655648555,8.925663067776805
20260612,15.2,16.34,14.83,16.34,171687.0,53.489785545059945,-0.2418833303122625,-0.2855379701746487,0.04365463986238621,15.2965,17.15942667313394,13.43357332686606,0.2435755464497028,0.7800700679873123,1.5099999999999998,1.3386423251673658,8.192425490620355
20260615,16.89,17.18,16.3,16.3,244523.0,53.27812962520692,-0.15144084605030983,-0.25871854534978095,0.10727769929947112,15.254,16.972033147158996,13.535966852841003,0.2252567388434504,0.8044178750944665,0.879999999999999,1.3058821590839824,8.011546988245291
20260616,16.31,16.58,15.89,16.06,149344.0,51.9498789753451,-0.09800082737156757,-0.22657500175413828,0.1285741743825707,15.285,17.039158967770803,13.530841032229198,0.22952685217805724,0.7209035823545895,0.6899999999999977,1.2618905762922692,7.857351035443768
20260617,16.2,16.2,15.76,16.04,145531.76,51.83390822697771,-0.0566104899181763,-0.1925820993869459,0.1359716094687696,15.392000000000001,17.048814953298614,13.735185046701387,0.2152826082768468,0.6955559366210065,0.4399999999999995,1.2031841065571072,7.501147796490694
20260618,15.88,16.44,14.44,14.44,254223.0,43.47292339096423,-0.15117235670064133,-0.18430015084968498,0.033127794149043654,15.439000000000002,16.913083479747115,13.964916520252888,0.19095582353094284,0.1611453782212572,2.0000000000000018,1.260099527517314,8.726451021588048
20260622,14.01,14.88,13.62,14.86,199308.83,45.93810400661604,-0.19003225396097,-0.185446571471942,-0.00458568248902802,15.439499999999999,16.912748826662813,13.966251173337184,0.19084152034234458,0.30332582333947083,1.2600000000000016,1.2600924184089346,8.479760554568875
20260623,14.65,14.67,13.98,14.34,122370.12,43.41370607019439,-0.2597939141625272,-0.20031604001005904,-0.059477874152468135,15.339500000000001,16.82682858366592,13.852171416334079,0.19392139035378225,0.16399489293197622,0.879999999999999,1.2329429599511534,8.597928591012227
20260624,14.29,14.36,13.61,13.92,94372.52,41.433253625760926,-0.3449941446433744,-0.2292516609367221,-0.1157424837066523,15.227499999999997,16.790127678993972,13.664872321006023,0.205237587127759,0.08163418657675048,0.75,1.1984470342403568,8.609533291956586
20260625,13.69,13.94,12.71,13.02,165640.01,37.48690832084551,-0.4796097765626346,-0.2793232840619046,-0.20028649250073,15.0655,16.83546550665177,13.295534493348233,0.2349693679800561,-0.0778361194929331,1.2299999999999986,1.2007008175089027,9.221972484707393
20260626,13.01,14.32,13.0,14.32,180928.38,45.553685460529174,-0.4759085220656125,-0.3186403316626462,-0.1572681904029663,15.002,16.783821658037873,13.220178341962127,0.23754454846525436,0.30862282234491073,1.3200000000000003,1.2092221876868383,8.444289020159486
20260629,14.32,15.46,13.3,15.1,250208.01,49.74405619475683,-0.4053629976355744,-0.33598486485723184,-0.06937813277834254,15.029000000000002,16.798946772913688,13.259053227086316,0.23553753049619877,0.5200571003282539,2.16,1.2771348885663498,8.457846944148011
20260630,16.2,16.46,15.37,16.31,241835.19,55.46959142214899,-0.248948549747249,-0.3185776018352353,0.06962905208798631,15.0435,16.851962854121435,13.235037145878565,0.24043113027173668,0.8501592518512839,1.3600000000000012,1.283053825097325,7.866669681773912
20260701,16.31,17.1,16.0,17.0,218253.0,58.381410698633346,-0.06852186208833366,-0.268566453885855,0.20004459179752132,15.131499999999999,17.14039888666461,13.122601113335389,0.2655254121091247,0.9650557607461979,1.1000000000000014,1.2699785518760875,7.470462069859339
20260702,16.68,17.72,16.28,17.27,236791.14,59.4974749386644,0.0951574158448718,-0.19582167993970964,0.2909790957845815,15.245500000000002,17.46800190930004,13.022998090699964,0.2915616948345462,0.955455176782638,1.4399999999999977,1.2821229410277954,7.423989235829737
20260703,16.92,17.5,16.77,16.83,124295.0,56.82322901447586,0.18721203626724048,-0.11921493669831962,0.3064269729655601,15.3495,17.667007508646257,13.031992491353744,0.3019652117197637,0.8194164408262938,0.7300000000000004,1.2426855880972387,7.383752751617581
